IP Address,Login Source,Login Date & Time
82.27.180.213,Mobile,"Oct 3, 2021, 7:23:13 PM"
82.1.230.224,Mobile,"Aug 21, 2022, 8:15:45 PM"
82.1.230.224,Mobile,"Aug 21, 2022, 8:16:42 PM"
82.1.230.224,Mobile,"Aug 21, 2022, 8:16:43 PM"
82.31.170.160,Web,"Feb 26, 2023, 6:18:49 PM"
82.31.170.160,Web,"Feb 26, 2023, 6:19:16 PM"
194.32.120.118,Web,"Jul 29, 2023, 11:06:07 AM"
178.239.198.49,Web,"Aug 30, 2023, 1:58:46 PM"
178.239.198.5,Web,"Sep 4, 2023, 12:25:03 PM"
185.192.70.204,Web,"Sep 4, 2023, 3:12:46 PM"
82.31.170.135,Web,"Sep 5, 2023, 2:21:39 PM"
178.239.198.129,Web,"Sep 6, 2023, 12:59:28 PM"
82.31.170.135,Web,"Sep 20, 2023, 11:16:38 AM"
82.31.170.135,Web,"Nov 24, 2023, 11:00:01 AM"
