Media Filename,Media Caption
media/adf30e8d-8567-4f42-b06d-adb82a68c4ee.jpg,""
media/dfda4a6c-eba9-4e98-aecb-3dadce556398.jpg,""
media/201e714c-cb8d-47fd-916d-cc5d53a1b649.jpg,""
media/c607b231-427e-423c-89b4-ba185af7e5ee.jpg,""
media/e0532cf4-fcab-402c-bdab-18af28baaaee.jpg,""
media/86adf19b-07bd-4926-a8e7-ea8f9a57604d.jpg,""
media/6e322ca2-243d-4d0f-a112-531a0104b424.jpg,""
media/af18b899-5f61-4ce9-93c0-a47b1b5676b1.jpg,""
media/8c07bd83-bf33-4841-8f36-4d89f8377cbe.jpg,""
media/4aba7269-e61c-40b8-b7fc-9cff8f1564b1.jpg,""
media/7bd344b4-8fa7-41d9-8e1c-045ae3994f14.jpg,""
media/0cdd4814-e8fc-4acb-ae33-2eeb6de1b493.jpg,""
media/d6280151-58e6-46fc-bef1-cc6428fa5a46.jpg,""
media/8cdb6c6c-6c29-4add-a928-fcec89ca445d.jpg,""
media/720f5959-1858-4585-afdb-5e23e04ccf56.jpg,""
media/e501e62d-7a65-482e-992c-fedd5f718adf.jpg,""
media/5464509d-bb4a-461c-8d6b-3ba6969d04ed.jpg,""
media/86fffd0f-03c8-4c29-aaf6-d9be598294e4.jpg,""
media/3e18a544-2ee8-44ad-bd1d-eff6a7984e02.jpg,""
media/e7b81a88-1031-4f1d-b4ea-7ab08fb43bd0.jpg,""
media/9fe0a33c-01b7-4eed-a867-7bbef494ba5d.mp4,""
media/3192e8da-f54a-468b-9b87-93e2bff91c4a.jpg,""
media/72f79dfd-dd39-492e-8eb3-1d49c981be7a.jpg,""
media/3128170e-0e04-4584-9d4d-943873d53e28.jpg,""
media/9a9be430-435f-4903-b614-60de573415ec.jpg,""
media/5e987b32-1dc8-4f23-9ae4-74cf26533573.jpg,""
media/b2682f8b-71b3-40c0-8c2d-886994c8cd43.jpg,""
media/f1e68283-7948-4a43-a31a-7848552dff5a.jpg,""
media/16fe2764-8e18-4d1e-b167-b92da9294de2.jpg,""
media/72b4f094-9a10-47d9-b7ad-ece97010e016.jpg,""
media/c5c91b97-961a-4f11-a113-52c18cc2cc25.jpg,""
media/b27ec484-87d3-4be8-80bf-8161a699b63a.jpg,""
media/08c8693d-ae2a-414d-8f21-f3661b25a7b5.jpg,""
media/c73051fa-7538-448b-929f-f721da603079.jpg,""
media/b0bedcda-5345-472d-bf2d-c3b099ed1f1e.jpg,""
media/9e1221cc-d0df-4f1a-bcbb-92ffc26d3daa.jpg,""
media/f3af7441-2e9d-4f48-a7f5-c5470fc77f86.jpg,""
media/f43701b0-a908-4d3e-8d37-56379c8b2750.jpg,""
media/9204d35a-ee2d-4cc6-9752-a41a90390a82.jpg,""
media/40d424c4-47ba-426b-b3fe-7d82ec113b67.jpg,""
media/aac11738-ca73-4312-bb6a-84377e06533e.jpg,""
media/17a023c6-cba5-408a-b947-d9779f18e701.jpg,""
media/fd2c7731-796a-4cac-998e-fd9c2f170ae1.jpg,""
media/3fe0a2b7-0370-4b8a-a132-f92743efda68.mp4,""
media/3d724c76-8be5-4bfe-a703-8ad8693e528e.jpg,""
media/4c7097f3-3576-409e-b87b-67042a93d136.jpg,""
media/be62d072-aab5-4614-bab4-ad7eee317024.jpg,""
media/5e9ceca1-b80e-499f-864c-5d4973a713dd.jpg,""
media/d99d54fa-61dd-4957-add5-b2d461001abf.jpg,""
media/005dbc36-8243-43d0-ade4-95ad30349d0c.jpg,""
media/f2990431-4ef9-4006-b287-ce860c8e73fd.jpg,""
media/1c2531c3-97cc-44fd-bc65-f6f4dae01f02.jpg,""
media/0c51b74b-34b4-45ee-9c78-69a2975ded33.jpg,""
media/f9855bdc-e8ff-4900-b93d-5e77d23ca4e7.jpg,""
media/361c9b4f-9b02-411a-bf4b-303726c0096f.jpg,""
media/6ac57608-fb55-479a-92e4-12f80526fa19.mp4,""
media/b1b9c992-bbef-4851-a266-3eb6d4cdc74c.jpg,""
media/5454ff39-9a78-4601-aa1c-4cc0617ed170.jpg,""
media/adedc2fb-5292-42d2-8546-c62a2e3a67ae.jpg,""
media/805b8cbc-fd0f-4457-8e21-b4d5fdf94ee5.jpg,""
media/f41eb45d-5de1-458f-86a8-63e4a9395847.jpg,""
media/994569d4-b816-4527-a671-fde55be41eab.jpg,""
media/08c20da5-ea7b-48ff-b96e-9191586fdf81.jpg,""
media/328090c7-e517-478b-ab3f-b3327dacc3ae.jpg,""
media/bfb2ff93-c8ab-4a0f-b92a-6f4f643b51af.jpg,""
media/ac05224f-27e5-464e-935d-4f5bcf0abd95.jpg,""
media/47ff927d-4aba-415d-bdb4-eaca5e44992e.jpg,""
media/6835bd6f-2b59-4c46-8309-33e2d907b611.jpg,""
media/92a766dd-d54c-447e-9482-be033777fad5.jpg,""
media/af3035c4-fadd-4dfa-93ee-b026889082e9.jpg,""
