Promotion Seen,Timestamp
FeedFollowOptionCoachmark,1661118479
GapActivityDetailUpsell,1663489146
GapActivityDetailUpsell,1664127603
GapActivityDetailUpsell,1664127627
GapActivityDetailFeatureEd,1683529315
GapActivityDetailFeatureEd,1683529359
GapActivityDetailFeatureEd,1683529371
GroupTabSmallGroupChallenge,1677660486
ActivityDetailsLeaderboardQualityCoachmark,1683181455
ActivityDetailsLeaderboardQualityCoachmark,1683181462
RecordScreenBeaconCoachmark,1661113323
MapSettingsPersonalHeatmapCoachmark,1661118525
MapVisibilityActivityCoachmarkImpression,1661869729
MapVisibilityActivityCoachmarkDismissed,1661869753
WelcomeBackKudosCoachmarkImpression,1661118480
WelcomeBackKudosCoachmarkImpression,1661118647
WelcomeBackKudosCoachmarkImpression,1661428415
WelcomeBackKudosCoachmarkImpression,1661428430
WelcomeBackKudosCoachmarkImpression,1661462106
WelcomeBackKudosCoachmarkImpression,1661869719
WelcomeBackKudosCoachmarkImpression,1673476549
WelcomeBackKudosCoachmarkImpression,1673476553
WelcomeBackKudosCoachmarkImpression,1677614115
WelcomeBackKudosCoachmarkImpression,1677614367
WelcomeBackKudosCoachmarkImpression,1677615899
WelcomeBackKudosCoachmarkImpression,1677716001
WelcomeBackKudosCoachmarkImpression,1678313564
WelcomeBackKudosCoachmarkImpression,1678313566
WelcomeBackKudosCoachmarkImpression,1680504347
WelcomeBackKudosCoachmarkImpression,1683452114
WelcomeBackKudosCoachmarkImpression,1688592725
WelcomeBackKudosCoachmarkImpression,1688593717
WelcomeBackKudosCoachmarkImpression,1688593823
WelcomeBackKudosCoachmarkImpression,1688889258
WelcomeBackKudosCoachmarkImpression,1688897986
WelcomeBackKudosCoachmarkImpression,1688897988
WelcomeBackKudosCoachmarkImpression,1689023563
WelcomeBackKudosCoachmarkImpression,1689887272
WelcomeBackKudosCoachmarkImpression,1689889978
WelcomeBackKudosCoachmarkImpression,1689889981
WelcomeBackKudosCoachmarkImpression,1692223195
WelcomeBackKudosCoachmarkImpression,1692223197
WelcomeBackKudosCoachmarkImpression,1692223582
WelcomeBackKudosCoachmarkImpression,1692312734
WelcomeBackKudosCoachmarkImpression,1692341168
WelcomeBackKudosCoachmarkImpression,1692342511
WelcomeBackKudosCoachmarkImpression,1692436257
WelcomeBackKudosCoachmarkImpression,1692437514
WelcomeBackKudosCoachmarkImpression,1692440599
WelcomeBackKudosCoachmarkImpression,1692606382
WelcomeBackKudosCoachmarkImpression,1692606385
WelcomeBackKudosCoachmarkImpression,1692610755
WelcomeBackKudosCoachmarkImpression,1694255702
WelcomeBackKudosCoachmarkImpression,1694255705
WelcomeBackKudosCoachmarkImpression,1696922455
WelcomeBackKudosCoachmarkImpression,1700061452
WelcomeBackKudosCoachmarkImpression,1700588643
RouteFromActivityMoreOptionsButtonCoachmark,1661118545
RouteFromActivitySaveButtonCoachmark,1663503070
MapVisibilitySettingCogCoachmark,1662241791
Map3dEducationVisibility,1661113264
RouteLongPressCoachmark,1661688771
WinbackNotificationSeen,1673440861
WinbackNotificationSeen,1678300150
WinbackNotificationSeen,1688590057
WinbackNotificationSeen,1689019193
WinbackNotificationSeen,1689876848
WinbackNotificationSeen,1692216307
WinbackNotificationSeen,1694251957
WinbackNotificationSeen,1696093672
WinbackNotificationSeen,1696921957
WinbackNotificationSeen,1699973556
WinbackNotificationSeen,1700578112
MentionsSettingCogCoachmark,1661112982
DirtSportsSportPicker,1661113265
DirtSportsSportPicker,1661607852
DirtSportsSportPicker,1661869510
MapsTabDirtFirstTimeExperienceFree,1662052086
MapsTabDirtFirstTimeExperienceFree,1673476576
OfflineMapsFirstTimeExperience,1661113350
OfflineMapsFirstTimeExperience,1673476579
VideoNotificationMonthlySoftLimit,1663864185
VideoNotificationMonthlySoftLimit,1667307160
VideoNotificationHardLimit,1663864185
VideoNotificationHardLimit,1667307160
SettingsStudentPlanNewLabel,1673476614
SettingsStudentPlanNewLabel,1673786163
FollowingFeedDoradoCooldown,1661112947
FollowingFeedDoradoCooldown,1661113004
FollowingFeedDoradoCooldown,1661113553
FollowingFeedDoradoCooldown,1661113554
FollowingFeedDoradoCooldown,1661113753
FollowingFeedDoradoCooldown,1661113754
FollowingFeedDoradoCooldown,1661113830
FollowingFeedDoradoCooldown,1661113831
FollowingFeedDoradoCooldown,1661118478
FollowingFeedDoradoCooldown,1661118479
FollowingFeedDoradoCooldown,1661118646
FollowingFeedDoradoCooldown,1661428414
FollowingFeedDoradoCooldown,1661428415
FollowingFeedDoradoCooldown,1661428429
FollowingFeedDoradoCooldown,1661462104
FollowingFeedDoradoCooldown,1661462106
FollowingFeedDoradoCooldown,1661462159
FollowingFeedDoradoCooldown,1661462160
FollowingFeedDoradoCooldown,1661462391
FollowingFeedDoradoCooldown,1661462392
FollowingFeedDoradoCooldown,1661501117
FollowingFeedDoradoCooldown,1661501118
FollowingFeedDoradoCooldown,1661501131
FollowingFeedDoradoCooldown,1661501132
FollowingFeedDoradoCooldown,1661501196
FollowingFeedDoradoCooldown,1661501197
FollowingFeedDoradoCooldown,1661607817
FollowingFeedDoradoCooldown,1661639183
FollowingFeedDoradoCooldown,1661639184
FollowingFeedDoradoCooldown,1661639196
FollowingFeedDoradoCooldown,1661676830
FollowingFeedDoradoCooldown,1661676831
FollowingFeedDoradoCooldown,1661676833
FollowingFeedDoradoCooldown,1661684944
FollowingFeedDoradoCooldown,1661684945
FollowingFeedDoradoCooldown,1661685178
FollowingFeedDoradoCooldown,1661685183
FollowingFeedDoradoCooldown,1661685448
FollowingFeedDoradoCooldown,1661685456
FollowingFeedDoradoCooldown,1661685457
FollowingFeedDoradoCooldown,1661685631
FollowingFeedDoradoCooldown,1661685632
FollowingFeedDoradoCooldown,1661686854
FollowingFeedDoradoCooldown,1661686859
FollowingFeedDoradoCooldown,1661687227
FollowingFeedDoradoCooldown,1661687228
FollowingFeedDoradoCooldown,1661687257
FollowingFeedDoradoCooldown,1661687269
FollowingFeedDoradoCooldown,1661688249
FollowingFeedDoradoCooldown,1661688250
FollowingFeedDoradoCooldown,1661688251
FollowingFeedDoradoCooldown,1661688405
FollowingFeedDoradoCooldown,1661688406
FollowingFeedDoradoCooldown,1661688455
FollowingFeedDoradoCooldown,1661688516
FollowingFeedDoradoCooldown,1661688517
FollowingFeedDoradoCooldown,1661688530
FollowingFeedDoradoCooldown,1661688534
FollowingFeedDoradoCooldown,1661688543
FollowingFeedDoradoCooldown,1661688544
FollowingFeedDoradoCooldown,1661688615
FollowingFeedDoradoCooldown,1661688618
FollowingFeedDoradoCooldown,1661688621
FollowingFeedDoradoCooldown,1661688622
FollowingFeedDoradoCooldown,1661688733
FollowingFeedDoradoCooldown,1661688734
FollowingFeedDoradoCooldown,1661688736
FollowingFeedDoradoCooldown,1661688738
FollowingFeedDoradoCooldown,1661698195
FollowingFeedDoradoCooldown,1661698197
FollowingFeedDoradoCooldown,1661698198
FollowingFeedDoradoCooldown,1661698238
FollowingFeedDoradoCooldown,1661711746
FollowingFeedDoradoCooldown,1661711747
FollowingFeedDoradoCooldown,1661711750
FollowingFeedDoradoCooldown,1661711765
FollowingFeedDoradoCooldown,1661711766
FollowingFeedDoradoCooldown,1661869315
FollowingFeedDoradoCooldown,1661869318
FollowingFeedDoradoCooldown,1661869319
FollowingFeedDoradoCooldown,1661869320
FollowingFeedDoradoCooldown,1661869321
FollowingFeedDoradoCooldown,1661869355
FollowingFeedDoradoCooldown,1661869356
FollowingFeedDoradoCooldown,1661869377
FollowingFeedDoradoCooldown,1661869379
FollowingFeedDoradoCooldown,1661869380
FollowingFeedDoradoCooldown,1661869464
FollowingFeedDoradoCooldown,1661869465
FollowingFeedDoradoCooldown,1661869466
FollowingFeedDoradoCooldown,1661869467
FollowingFeedDoradoCooldown,1661869676
FollowingFeedDoradoCooldown,1661869677
FollowingFeedDoradoCooldown,1661869690
FollowingFeedDoradoCooldown,1661869718
FollowingFeedDoradoCooldown,1661869769
FollowingFeedDoradoCooldown,1661869770
FollowingFeedDoradoCooldown,1661869816
FollowingFeedDoradoCooldown,1661869820
FollowingFeedDoradoCooldown,1661869821
FollowingFeedDoradoCooldown,1661869823
FollowingFeedDoradoCooldown,1661878974
FollowingFeedDoradoCooldown,1661878975
FollowingFeedDoradoCooldown,1661881598
FollowingFeedDoradoCooldown,1661881599
FollowingFeedDoradoCooldown,1661881600
FollowingFeedDoradoCooldown,1661881601
FollowingFeedDoradoCooldown,1661933728
FollowingFeedDoradoCooldown,1661933729
FollowingFeedDoradoCooldown,1661933732
FollowingFeedDoradoCooldown,1661933759
FollowingFeedDoradoCooldown,1662052082
FollowingFeedDoradoCooldown,1662052083
FollowingFeedDoradoCooldown,1662052117
FollowingFeedDoradoCooldown,1662052118
FollowingFeedDoradoCooldown,1662052161
FollowingFeedDoradoCooldown,1662241526
FollowingFeedDoradoCooldown,1662241527
FollowingFeedDoradoCooldown,1662241790
FollowingFeedDoradoCooldown,1662241791
FollowingFeedDoradoCooldown,1662242034
FollowingFeedDoradoCooldown,1662242035
FollowingFeedDoradoCooldown,1662242037
FollowingFeedDoradoCooldown,1662242038
FollowingFeedDoradoCooldown,1662242218
FollowingFeedDoradoCooldown,1662242219
FollowingFeedDoradoCooldown,1662242240
FollowingFeedDoradoCooldown,1662243353
FollowingFeedDoradoCooldown,1662243355
FollowingFeedDoradoCooldown,1662243356
FollowingFeedDoradoCooldown,1662274514
FollowingFeedDoradoCooldown,1662274515
FollowingFeedDoradoCooldown,1662274517
FollowingFeedDoradoCooldown,1662274518
FollowingFeedDoradoCooldown,1662316352
FollowingFeedDoradoCooldown,1662316354
FollowingFeedDoradoCooldown,1662797909
FollowingFeedDoradoCooldown,1662835147
FollowingFeedDoradoCooldown,1662835148
FollowingFeedDoradoCooldown,1662890188
FollowingFeedDoradoCooldown,1662890190
FollowingFeedDoradoCooldown,1662890530
FollowingFeedDoradoCooldown,1662890531
FollowingFeedDoradoCooldown,1663072416
FollowingFeedDoradoCooldown,1663072417
FollowingFeedDoradoCooldown,1663072463
FollowingFeedDoradoCooldown,1663072498
FollowingFeedDoradoCooldown,1663489419
FollowingFeedDoradoCooldown,1663489420
FollowingFeedDoradoCooldown,1663489463
FollowingFeedDoradoCooldown,1663502969
FollowingFeedDoradoCooldown,1663502970
FollowingFeedDoradoCooldown,1663502996
FollowingFeedDoradoCooldown,1663502997
FollowingFeedDoradoCooldown,1663503019
FollowingFeedDoradoCooldown,1663503046
FollowingFeedDoradoCooldown,1663504226
FollowingFeedDoradoCooldown,1663504228
FollowingFeedDoradoCooldown,1663504269
FollowingFeedDoradoCooldown,1663504270
FollowingFeedDoradoCooldown,1663504335
FollowingFeedDoradoCooldown,1663504336
FollowingFeedDoradoCooldown,1663504388
FollowingFeedDoradoCooldown,1663504389
FollowingFeedDoradoCooldown,1663504593
FollowingFeedDoradoCooldown,1663504594
FollowingFeedDoradoCooldown,1663504597
FollowingFeedDoradoCooldown,1663504598
FollowingFeedDoradoCooldown,1663598739
FollowingFeedDoradoCooldown,1663598740
FollowingFeedDoradoCooldown,1663598761
FollowingFeedDoradoCooldown,1663598762
FollowingFeedDoradoCooldown,1663598863
FollowingFeedDoradoCooldown,1663598864
FollowingFeedDoradoCooldown,1663603110
FollowingFeedDoradoCooldown,1663603111
FollowingFeedDoradoCooldown,1663603142
FollowingFeedDoradoCooldown,1663654809
FollowingFeedDoradoCooldown,1663654810
FollowingFeedDoradoCooldown,1663654814
FollowingFeedDoradoCooldown,1663654815
FollowingFeedDoradoCooldown,1663654841
FollowingFeedDoradoCooldown,1663661126
FollowingFeedDoradoCooldown,1663661127
FollowingFeedDoradoCooldown,1663767620
FollowingFeedDoradoCooldown,1663767621
FollowingFeedDoradoCooldown,1663767671
FollowingFeedDoradoCooldown,1663767672
FollowingFeedDoradoCooldown,1663781476
FollowingFeedDoradoCooldown,1663781477
FollowingFeedDoradoCooldown,1663859227
FollowingFeedDoradoCooldown,1663859229
FollowingFeedDoradoCooldown,1663859321
FollowingFeedDoradoCooldown,1663859322
FollowingFeedDoradoCooldown,1663875257
FollowingFeedDoradoCooldown,1663875258
FollowingFeedDoradoCooldown,1664127544
FollowingFeedDoradoCooldown,1664127545
FollowingFeedDoradoCooldown,1664127592
FollowingFeedDoradoCooldown,1664127627
FollowingFeedDoradoCooldown,1664127728
FollowingFeedDoradoCooldown,1664127729
FollowingFeedDoradoCooldown,1664186707
FollowingFeedDoradoCooldown,1664186708
FollowingFeedDoradoCooldown,1664186846
FollowingFeedDoradoCooldown,1664186847
FollowingFeedDoradoCooldown,1664186993
FollowingFeedDoradoCooldown,1664186994
FollowingFeedDoradoCooldown,1664187047
FollowingFeedDoradoCooldown,1664187058
FollowingFeedDoradoCooldown,1664187133
FollowingFeedDoradoCooldown,1664187134
FollowingFeedDoradoCooldown,1664193103
FollowingFeedDoradoCooldown,1664218970
FollowingFeedDoradoCooldown,1664219031
FollowingFeedDoradoCooldown,1664219036
FollowingFeedDoradoCooldown,1664219037
FollowingFeedDoradoCooldown,1664219038
FollowingFeedDoradoCooldown,1664282885
FollowingFeedDoradoCooldown,1664282886
FollowingFeedDoradoCooldown,1664282898
FollowingFeedDoradoCooldown,1664282899
FollowingFeedDoradoCooldown,1664307895
FollowingFeedDoradoCooldown,1664391182
FollowingFeedDoradoCooldown,1664391183
FollowingFeedDoradoCooldown,1664391187
FollowingFeedDoradoCooldown,1664391188
FollowingFeedDoradoCooldown,1664391205
FollowingFeedDoradoCooldown,1664438170
FollowingFeedDoradoCooldown,1664438171
FollowingFeedDoradoCooldown,1664438213
FollowingFeedDoradoCooldown,1664438214
FollowingFeedDoradoCooldown,1664445991
FollowingFeedDoradoCooldown,1664445992
FollowingFeedDoradoCooldown,1664450988
FollowingFeedDoradoCooldown,1664450989
FollowingFeedDoradoCooldown,1664454546
FollowingFeedDoradoCooldown,1664454550
FollowingFeedDoradoCooldown,1664484579
FollowingFeedDoradoCooldown,1664484580
FollowingFeedDoradoCooldown,1664542936
FollowingFeedDoradoCooldown,1664542937
FollowingFeedDoradoCooldown,1664542940
FollowingFeedDoradoCooldown,1664620890
FollowingFeedDoradoCooldown,1664620891
FollowingFeedDoradoCooldown,1664620896
FollowingFeedDoradoCooldown,1664620897
FollowingFeedDoradoCooldown,1664699050
FollowingFeedDoradoCooldown,1664699051
FollowingFeedDoradoCooldown,1664699209
FollowingFeedDoradoCooldown,1664708489
FollowingFeedDoradoCooldown,1664708491
FollowingFeedDoradoCooldown,1664708497
FollowingFeedDoradoCooldown,1664708498
FollowingFeedDoradoCooldown,1664708595
FollowingFeedDoradoCooldown,1664708597
FollowingFeedDoradoCooldown,1664708613
FollowingFeedDoradoCooldown,1664708614
FollowingFeedDoradoCooldown,1664730574
FollowingFeedDoradoCooldown,1664730575
FollowingFeedDoradoCooldown,1664737475
FollowingFeedDoradoCooldown,1664737495
FollowingFeedDoradoCooldown,1664793683
FollowingFeedDoradoCooldown,1664793684
FollowingFeedDoradoCooldown,1664916024
FollowingFeedDoradoCooldown,1664916027
FollowingFeedDoradoCooldown,1664916028
FollowingFeedDoradoCooldown,1665056621
FollowingFeedDoradoCooldown,1665056622
FollowingFeedDoradoCooldown,1665077823
FollowingFeedDoradoCooldown,1665127960
FollowingFeedDoradoCooldown,1665127961
FollowingFeedDoradoCooldown,1665128114
FollowingFeedDoradoCooldown,1665304923
FollowingFeedDoradoCooldown,1665304924
FollowingFeedDoradoCooldown,1665305003
FollowingFeedDoradoCooldown,1665323345
FollowingFeedDoradoCooldown,1665323346
FollowingFeedDoradoCooldown,1665423131
FollowingFeedDoradoCooldown,1665423132
FollowingFeedDoradoCooldown,1665423139
FollowingFeedDoradoCooldown,1665423141
FollowingFeedDoradoCooldown,1665423150
FollowingFeedDoradoCooldown,1665423152
FollowingFeedDoradoCooldown,1665431188
FollowingFeedDoradoCooldown,1665431189
FollowingFeedDoradoCooldown,1665432442
FollowingFeedDoradoCooldown,1665432443
FollowingFeedDoradoCooldown,1665432446
FollowingFeedDoradoCooldown,1665432447
FollowingFeedDoradoCooldown,1665432482
FollowingFeedDoradoCooldown,1665432483
FollowingFeedDoradoCooldown,1665439286
FollowingFeedDoradoCooldown,1665439287
FollowingFeedDoradoCooldown,1665439290
FollowingFeedDoradoCooldown,1665439291
FollowingFeedDoradoCooldown,1665474295
FollowingFeedDoradoCooldown,1665474296
FollowingFeedDoradoCooldown,1665474299
FollowingFeedDoradoCooldown,1665699783
FollowingFeedDoradoCooldown,1676398760
FollowingFeedDoradoCooldown,1676398762
FollowingFeedDoradoCooldown,1676398763
FollowingFeedDoradoCooldown,1676448661
FollowingFeedDoradoCooldown,1676448662
FollowingFeedDoradoCooldown,1676448663
FollowingFeedDoradoCooldown,1676448664
FollowingFeedDoradoCooldown,1676453985
FollowingFeedDoradoCooldown,1676454067
FollowingFeedDoradoCooldown,1676479205
FollowingFeedDoradoCooldown,1676479207
FollowingFeedDoradoCooldown,1676479208
FollowingFeedDoradoCooldown,1676479389
FollowingFeedDoradoCooldown,1676479390
FollowingFeedDoradoCooldown,1676560648
FollowingFeedDoradoCooldown,1676567152
FollowingFeedDoradoCooldown,1676567153
FollowingFeedDoradoCooldown,1676580976
FollowingFeedDoradoCooldown,1676580977
FollowingFeedDoradoCooldown,1676580978
FollowingFeedDoradoCooldown,1676580979
FollowingFeedDoradoCooldown,1676629058
FollowingFeedDoradoCooldown,1676629060
FollowingFeedDoradoCooldown,1676629061
FollowingFeedDoradoCooldown,1676629534
FollowingFeedDoradoCooldown,1676629535
FollowingFeedDoradoCooldown,1676629536
FollowingFeedDoradoCooldown,1676629537
FollowingFeedDoradoCooldown,1676632250
FollowingFeedDoradoCooldown,1676632251
FollowingFeedDoradoCooldown,1676634137
FollowingFeedDoradoCooldown,1676634138
FollowingFeedDoradoCooldown,1676634140
FollowingFeedDoradoCooldown,1676634141
FollowingFeedDoradoCooldown,1676634855
FollowingFeedDoradoCooldown,1676634857
FollowingFeedDoradoCooldown,1676648753
FollowingFeedDoradoCooldown,1676648754
FollowingFeedDoradoCooldown,1676648755
FollowingFeedDoradoCooldown,1676648756
FollowingFeedDoradoCooldown,1676648757
FollowingFeedDoradoCooldown,1676648758
FollowingFeedDoradoCooldown,1676648763
FollowingFeedDoradoCooldown,1676648764
FollowingFeedDoradoCooldown,1676715536
FollowingFeedDoradoCooldown,1676715538
FollowingFeedDoradoCooldown,1676715539
FollowingFeedDoradoCooldown,1676715598
FollowingFeedDoradoCooldown,1676715599
FollowingFeedDoradoCooldown,1676725979
FollowingFeedDoradoCooldown,1676725980
FollowingFeedDoradoCooldown,1676726030
FollowingFeedDoradoCooldown,1676726031
FollowingFeedDoradoCooldown,1676726032
FollowingFeedDoradoCooldown,1676726039
FollowingFeedDoradoCooldown,1676726200
FollowingFeedDoradoCooldown,1676726201
FollowingFeedDoradoCooldown,1676726225
FollowingFeedDoradoCooldown,1676726226
FollowingFeedDoradoCooldown,1676726431
FollowingFeedDoradoCooldown,1676726432
FollowingFeedDoradoCooldown,1676727001
FollowingFeedDoradoCooldown,1676727003
FollowingFeedDoradoCooldown,1676727006
FollowingFeedDoradoCooldown,1676727007
FollowingFeedDoradoCooldown,1676734046
FollowingFeedDoradoCooldown,1676734048
FollowingFeedDoradoCooldown,1676734049
FollowingFeedDoradoCooldown,1676736743
FollowingFeedDoradoCooldown,1676736744
FollowingFeedDoradoCooldown,1676736746
FollowingFeedDoradoCooldown,1676736747
FollowingFeedDoradoCooldown,1676737599
FollowingFeedDoradoCooldown,1676737600
FollowingFeedDoradoCooldown,1676737601
FollowingFeedDoradoCooldown,1676737814
FollowingFeedDoradoCooldown,1676737815
FollowingFeedDoradoCooldown,1676744384
FollowingFeedDoradoCooldown,1676744385
FollowingFeedDoradoCooldown,1676748615
FollowingFeedDoradoCooldown,1676748616
FollowingFeedDoradoCooldown,1676748617
FollowingFeedDoradoCooldown,1676754292
FollowingFeedDoradoCooldown,1676754293
FollowingFeedDoradoCooldown,1676754294
FollowingFeedDoradoCooldown,1676754295
FollowingFeedDoradoCooldown,1676762102
FollowingFeedDoradoCooldown,1676762103
FollowingFeedDoradoCooldown,1676762104
FollowingFeedDoradoCooldown,1676762105
FollowingFeedDoradoCooldown,1676787207
FollowingFeedDoradoCooldown,1676787208
FollowingFeedDoradoCooldown,1676795196
FollowingFeedDoradoCooldown,1676795197
FollowingFeedDoradoCooldown,1676795201
FollowingFeedDoradoCooldown,1676795299
FollowingFeedDoradoCooldown,1676795762
FollowingFeedDoradoCooldown,1676795764
FollowingFeedDoradoCooldown,1676795843
FollowingFeedDoradoCooldown,1676795844
FollowingFeedDoradoCooldown,1676795917
FollowingFeedDoradoCooldown,1676795918
FollowingFeedDoradoCooldown,1676803667
FollowingFeedDoradoCooldown,1676803668
FollowingFeedDoradoCooldown,1676803670
FollowingFeedDoradoCooldown,1676803672
FollowingFeedDoradoCooldown,1676835385
FollowingFeedDoradoCooldown,1676835386
FollowingFeedDoradoCooldown,1676835521
FollowingFeedDoradoCooldown,1676835522
FollowingFeedDoradoCooldown,1676836297
FollowingFeedDoradoCooldown,1676836299
FollowingFeedDoradoCooldown,1676845525
FollowingFeedDoradoCooldown,1676845526
FollowingFeedDoradoCooldown,1676886592
FollowingFeedDoradoCooldown,1676886593
FollowingFeedDoradoCooldown,1676886594
FollowingFeedDoradoCooldown,1676890855
FollowingFeedDoradoCooldown,1676890856
FollowingFeedDoradoCooldown,1676893025
FollowingFeedDoradoCooldown,1676894713
FollowingFeedDoradoCooldown,1676894714
FollowingFeedDoradoCooldown,1676901457
FollowingFeedDoradoCooldown,1676901458
FollowingFeedDoradoCooldown,1676905235
FollowingFeedDoradoCooldown,1676905237
FollowingFeedDoradoCooldown,1676905238
FollowingFeedDoradoCooldown,1676906844
FollowingFeedDoradoCooldown,1676906845
FollowingFeedDoradoCooldown,1676932202
FollowingFeedDoradoCooldown,1676932203
FollowingFeedDoradoCooldown,1676932204
FollowingFeedDoradoCooldown,1676932205
FollowingFeedDoradoCooldown,1676972140
FollowingFeedDoradoCooldown,1676972141
FollowingFeedDoradoCooldown,1676972143
FollowingFeedDoradoCooldown,1676974228
FollowingFeedDoradoCooldown,1676974229
FollowingFeedDoradoCooldown,1676974230
FollowingFeedDoradoCooldown,1676974231
FollowingFeedDoradoCooldown,1676978407
FollowingFeedDoradoCooldown,1676978408
FollowingFeedDoradoCooldown,1676978411
FollowingFeedDoradoCooldown,1676983373
FollowingFeedDoradoCooldown,1676983568
FollowingFeedDoradoCooldown,1676983569
FollowingFeedDoradoCooldown,1676987042
FollowingFeedDoradoCooldown,1676987043
FollowingFeedDoradoCooldown,1676987065
FollowingFeedDoradoCooldown,1676987066
FollowingFeedDoradoCooldown,1677003247
FollowingFeedDoradoCooldown,1677003249
FollowingFeedDoradoCooldown,1677003250
FollowingFeedDoradoCooldown,1677003450
FollowingFeedDoradoCooldown,1677003451
FollowingFeedDoradoCooldown,1677011856
FollowingFeedDoradoCooldown,1677013386
FollowingFeedDoradoCooldown,1677013387
FollowingFeedDoradoCooldown,1677013389
FollowingFeedDoradoCooldown,1677013390
FollowingFeedDoradoCooldown,1677018455
FollowingFeedDoradoCooldown,1677018456
FollowingFeedDoradoCooldown,1677018459
FollowingFeedDoradoCooldown,1677018460
FollowingFeedDoradoCooldown,1677018504
FollowingFeedDoradoCooldown,1677050882
FollowingFeedDoradoCooldown,1677050883
FollowingFeedDoradoCooldown,1677050887
FollowingFeedDoradoCooldown,1677050888
FollowingFeedDoradoCooldown,1677079297
FollowingFeedDoradoCooldown,1677079298
FollowingFeedDoradoCooldown,1677079299
FollowingFeedDoradoCooldown,1677079300
FollowingFeedDoradoCooldown,1677079538
FollowingFeedDoradoCooldown,1677081677
FollowingFeedDoradoCooldown,1677081678
FollowingFeedDoradoCooldown,1677081679
FollowingFeedDoradoCooldown,1677081680
FollowingFeedDoradoCooldown,1677088478
FollowingFeedDoradoCooldown,1677088480
FollowingFeedDoradoCooldown,1677090578
FollowingFeedDoradoCooldown,1677090579
FollowingFeedDoradoCooldown,1677106365
FollowingFeedDoradoCooldown,1677106366
FollowingFeedDoradoCooldown,1677106369
FollowingFeedDoradoCooldown,1677106370
FollowingFeedDoradoCooldown,1677138713
FollowingFeedDoradoCooldown,1677152912
FollowingFeedDoradoCooldown,1677152914
FollowingFeedDoradoCooldown,1677161420
FollowingFeedDoradoCooldown,1677161421
FollowingFeedDoradoCooldown,1677165209
FollowingFeedDoradoCooldown,1677165210
FollowingFeedDoradoCooldown,1677165213
FollowingFeedDoradoCooldown,1677165216
FollowingFeedDoradoCooldown,1677175049
FollowingFeedDoradoCooldown,1677175050
FollowingFeedDoradoCooldown,1677175748
FollowingFeedDoradoCooldown,1677175749
FollowingFeedDoradoCooldown,1677176456
FollowingFeedDoradoCooldown,1677176457
FollowingFeedDoradoCooldown,1677176458
FollowingFeedDoradoCooldown,1677176829
FollowingFeedDoradoCooldown,1677191384
FollowingFeedDoradoCooldown,1677191385
FollowingFeedDoradoCooldown,1677191387
FollowingFeedDoradoCooldown,1677227855
FollowingFeedDoradoCooldown,1677227858
FollowingFeedDoradoCooldown,1677227859
FollowingFeedDoradoCooldown,1677234999
FollowingFeedDoradoCooldown,1677235000
FollowingFeedDoradoCooldown,1677235002
FollowingFeedDoradoCooldown,1677242966
FollowingFeedDoradoCooldown,1677242967
FollowingFeedDoradoCooldown,1677242968
FollowingFeedDoradoCooldown,1677249034
FollowingFeedDoradoCooldown,1677249035
FollowingFeedDoradoCooldown,1677249091
FollowingFeedDoradoCooldown,1677249092
FollowingFeedDoradoCooldown,1677258275
FollowingFeedDoradoCooldown,1677258277
FollowingFeedDoradoCooldown,1677258278
FollowingFeedDoradoCooldown,1677259297
NavigationTabMapsEdu,1661118525
SettingsStudentPlanPromotionHide,1673786173
NewVarietySports,1663489135
NewVarietySports,1663503115
NewVarietySports,1663598791
FollowModeCoachmark,1682420134
PostSubscriptionPreviewModalImpression,1693403928
SubPreviewActivitiesFeedBanner,1683529322
SubPreviewActivitiesFeedBanner,1683529328
SubPreviewActivitiesFeedBanner,1683529333
SubPreviewProgressBanner,1684309941
SubPreviewWelcomeModalImpression,1683259223
SubPreviewConversionModalImpression,1685943721
SubPreviewConversionModalImpression,1685943755
SubPreviewConversionModalImpression,1685953820
WebMediaUploaderFeatureEd,1693833320
Yis2022Experience,1672591728
WebMediaUploaderFeatureEd2,1693833315
WebMediaUploaderFeatureEd2,1693833324
WebMediaUploaderFeatureEd2,1693923711
WebMediaUploaderFeatureEd2,1694005169
FollowingFeedDoradoCooldownSix,1677264545
FollowingFeedDoradoCooldownSix,1677274844
FollowingFeedDoradoCooldownSix,1677274846
FollowingFeedDoradoCooldownSix,1677274847
FollowingFeedDoradoCooldownSix,1677319957
FollowingFeedDoradoCooldownSix,1677319959
FollowingFeedDoradoCooldownSix,1677355840
FollowingFeedDoradoCooldownSix,1677365239
FollowingFeedDoradoCooldownSix,1677365241
FollowingFeedDoradoCooldownSix,1677365242
FollowingFeedDoradoCooldownSix,1677406429
FollowingFeedDoradoCooldownSix,1677406430
FollowingFeedDoradoCooldownSix,1677442724
FollowingFeedDoradoCooldownSix,1677497679
FollowingFeedDoradoCooldownSix,1677497680
FollowingFeedDoradoCooldownSix,1677497681
FollowingFeedDoradoCooldownSix,1677502592
FollowingFeedDoradoCooldownSix,1677502593
FollowingFeedDoradoCooldownSix,1677535212
FollowingFeedDoradoCooldownSix,1677592764
FollowingFeedDoradoCooldownSix,1677592765
FollowingFeedDoradoCooldownSix,1677592768
FollowingFeedDoradoCooldownSix,1677592769
FollowingFeedDoradoCooldownSix,1677596665
FollowingFeedDoradoCooldownSix,1677623419
FollowingFeedDoradoCooldownSix,1677680739
FollowingFeedDoradoCooldownSix,1677680740
FollowingFeedDoradoCooldownSix,1677683509
FollowingFeedDoradoCooldownSix,1677683510
FollowingFeedDoradoCooldownSix,1677685367
FollowingFeedDoradoCooldownSix,1677715784
FollowingFeedDoradoCooldownSix,1677770270
FollowingFeedDoradoCooldownSix,1677770271
FollowingFeedDoradoCooldownSix,1677773246
FollowingFeedDoradoCooldownSix,1677773247
FollowingFeedDoradoCooldownSix,1677773380
FollowingFeedDoradoCooldownSix,1677832327
FollowingFeedDoradoCooldownSix,1677857928
FollowingFeedDoradoCooldownSix,1677857929
FollowingFeedDoradoCooldownSix,1677865251
FollowingFeedDoradoCooldownSix,1677865252
FollowingFeedDoradoCooldownSix,1677865253
FollowingFeedDoradoCooldownSix,1677926853
FollowingFeedDoradoCooldownSix,1677949738
FollowingFeedDoradoCooldownSix,1677949739
FollowingFeedDoradoCooldownSix,1677969575
FollowingFeedDoradoCooldownSix,1677969576
FollowingFeedDoradoCooldownSix,1677969578
FollowingFeedDoradoCooldownSix,1678028268
FollowingFeedDoradoCooldownSix,1678036463
FollowingFeedDoradoCooldownSix,1678036464
FollowingFeedDoradoCooldownSix,1678092957
FollowingFeedDoradoCooldownSix,1678092958
FollowingFeedDoradoCooldownSix,1678092960
FollowingFeedDoradoCooldownSix,1678119610
FollowingFeedDoradoCooldownSix,1678124570
FollowingFeedDoradoCooldownSix,1678124571
FollowingFeedDoradoCooldownSix,1678181579
FollowingFeedDoradoCooldownSix,1678181580
FollowingFeedDoradoCooldownSix,1678181582
FollowingFeedDoradoCooldownSix,1678206090
FollowingFeedDoradoCooldownSix,1678212358
FollowingFeedDoradoCooldownSix,1678212360
FollowingFeedDoradoCooldownSix,1678268863
FollowingFeedDoradoCooldownSix,1678268864
FollowingFeedDoradoCooldownSix,1678268866
FollowingFeedDoradoCooldownSix,1678293743
FollowingFeedDoradoCooldownSix,1678313563
FollowingFeedDoradoCooldownSix,1678313564
FollowingFeedDoradoCooldownSix,1678357703
FollowingFeedDoradoCooldownSix,1678357704
FollowingFeedDoradoCooldownSix,1678358131
FollowingFeedDoradoCooldownSix,1678382001
FollowingFeedDoradoCooldownSix,1678401411
FollowingFeedDoradoCooldownSix,1678401412
FollowingFeedDoradoCooldownSix,1678446220
FollowingFeedDoradoCooldownSix,1678446221
FollowingFeedDoradoCooldownSix,1678446223
FollowingFeedDoradoCooldownSix,1678471924
FollowingFeedDoradoCooldownSix,1678488390
FollowingFeedDoradoCooldownSix,1678488391
FollowingFeedDoradoCooldownSix,1678534525
FollowingFeedDoradoCooldownSix,1678534526
FollowingFeedDoradoCooldownSix,1678534636
FollowingFeedDoradoCooldownSix,1678576744
FollowingFeedDoradoCooldownSix,1678608503
FollowingFeedDoradoCooldownSix,1678608505
FollowingFeedDoradoCooldownSix,1678644590
FollowingFeedDoradoCooldownSix,1678644591
FollowingFeedDoradoCooldownSix,1678644593
FollowingFeedDoradoCooldownSix,1678716551
FollowingFeedDoradoCooldownSix,1678716552
FollowingFeedDoradoCooldownSix,1678716554
FollowingFeedDoradoCooldownSix,1678735733
FollowingFeedDoradoCooldownSix,1678735734
FollowingFeedDoradoCooldownSix,1678736328
FollowingFeedDoradoCooldownSix,1678805847
FollowingFeedDoradoCooldownSix,1678805848
FollowingFeedDoradoCooldownSix,1678805849
FollowingFeedDoradoCooldownSix,1678833694
FollowingFeedDoradoCooldownSix,1678833695
FollowingFeedDoradoCooldownSix,1678865666
FollowingFeedDoradoCooldownSix,1678901372
FollowingFeedDoradoCooldownSix,1678901373
FollowingFeedDoradoCooldownSix,1678925194
FollowingFeedDoradoCooldownSix,1678925195
FollowingFeedDoradoCooldownSix,1678953778
FollowingFeedDoradoCooldownSix,1678953779
FollowingFeedDoradoCooldownSix,1679040822
FollowingFeedDoradoCooldownSix,1679040823
FollowingFeedDoradoCooldownSix,1679056151
FollowingFeedDoradoCooldownSix,1679056152
FollowingFeedDoradoCooldownSix,1679056154
FollowingFeedDoradoCooldownSix,1679056155
FollowingFeedDoradoCooldownSix,1679128711
FollowingFeedDoradoCooldownSix,1679128712
FollowingFeedDoradoCooldownSix,1679217604
FollowingFeedDoradoCooldownSix,1679217605
FollowingFeedDoradoCooldownSix,1679217606
FollowingFeedDoradoCooldownSix,1679217607
FollowingFeedDoradoCooldownSix,1679252934
FollowingFeedDoradoCooldownSix,1679252935
FollowingFeedDoradoCooldownSix,1679319298
FollowingFeedDoradoCooldownSix,1679319299
FollowingFeedDoradoCooldownSix,1679319300
FollowingFeedDoradoCooldownSix,1679319301
FollowingFeedDoradoCooldownSix,1679340826
FollowingFeedDoradoCooldownSix,1679340827
FollowingFeedDoradoCooldownSix,1679409226
FollowingFeedDoradoCooldownSix,1679409227
FollowingFeedDoradoCooldownSix,1679409918
FollowingFeedDoradoCooldownSix,1679409919
FollowingFeedDoradoCooldownSix,1679433164
FollowingFeedDoradoCooldownSix,1679433167
FollowingFeedDoradoCooldownSix,1679496727
FollowingFeedDoradoCooldownSix,1679496728
FollowingFeedDoradoCooldownSix,1679496729
FollowingFeedDoradoCooldownSix,1679496730
FollowingFeedDoradoCooldownSix,1679525381
FollowingFeedDoradoCooldownSix,1679525382
FollowingFeedDoradoCooldownSix,1679589478
FollowingFeedDoradoCooldownSix,1679604614
FollowingFeedDoradoCooldownSix,1679604615
FollowingFeedDoradoCooldownSix,1679606977
FollowingFeedDoradoCooldownSix,1679654519
FollowingFeedDoradoCooldownSix,1679654520
FollowingFeedDoradoCooldownSix,1679679634
FollowingFeedDoradoCooldownSix,1679741421
FollowingFeedDoradoCooldownSix,1679741423
FollowingFeedDoradoCooldownSix,1679749542
FollowingFeedDoradoCooldownSix,1679749543
FollowingFeedDoradoCooldownSix,1679757438
FollowingFeedDoradoCooldownSix,1679783662
FollowingFeedDoradoCooldownSix,1679860061
FollowingFeedDoradoCooldownSix,1679860062
FollowingFeedDoradoCooldownSix,1679860064
FollowingFeedDoradoCooldownSix,1679860065
FollowingFeedDoradoCooldownSix,1679860203
FollowingFeedDoradoCooldownSix,1679917379
FollowingFeedDoradoCooldownSix,1679992888
FollowingFeedDoradoCooldownSix,1679992889
FollowingFeedDoradoCooldownSix,1679992946
FollowingFeedDoradoCooldownSix,1679998256
FollowingFeedDoradoCooldownSix,1679998259
FollowingFeedDoradoCooldownSix,1680019558
FollowingFeedDoradoCooldownSix,1680090198
FollowingFeedDoradoCooldownSix,1680097419
FollowingFeedDoradoCooldownSix,1680097420
FollowingFeedDoradoCooldownSix,1680109408
FollowingFeedDoradoCooldownSix,1680109411
FollowingFeedDoradoCooldownSix,1680112788
FollowingFeedDoradoCooldownSix,1680185387
FollowingFeedDoradoCooldownSix,1680185388
FollowingFeedDoradoCooldownSix,1680185390
FollowingFeedDoradoCooldownSix,1680208044
FollowingFeedDoradoCooldownSix,1680208045
FollowingFeedDoradoCooldownSix,1680211316
FollowingFeedDoradoCooldownSix,1680274280
FollowingFeedDoradoCooldownSix,1680274281
FollowingFeedDoradoCooldownSix,1680276516
FollowingFeedDoradoCooldownSix,1680336112
FollowingFeedDoradoCooldownSix,1680336113
FollowingFeedDoradoCooldownSix,1680344486
FollowingFeedDoradoCooldownSix,1680368728
FollowingFeedDoradoCooldownSix,1680368730
FollowingFeedDoradoCooldownSix,1680368731
FollowingFeedDoradoCooldownSix,1680423417
FollowingFeedDoradoCooldownSix,1680423418
FollowingFeedDoradoCooldownSix,1680435206
FollowingFeedDoradoCooldownSix,1680458293
FollowingFeedDoradoCooldownSix,1680460311
FollowingFeedDoradoCooldownSix,1680460313
FollowingFeedDoradoCooldownSix,1680517894
FollowingFeedDoradoCooldownSix,1680517895
FollowingFeedDoradoCooldownSix,1680528109
FollowingFeedDoradoCooldownSix,1680551696
FollowingFeedDoradoCooldownSix,1680551697
FollowingFeedDoradoCooldownSix,1680555188
FollowingFeedDoradoCooldownSix,1680608585
FollowingFeedDoradoCooldownSix,1680608586
FollowingFeedDoradoCooldownSix,1680628907
FollowingFeedDoradoCooldownSix,1680638115
FollowingFeedDoradoCooldownSix,1680640433
FollowingFeedDoradoCooldownSix,1680679306
FollowingFeedDoradoCooldownSix,1680698014
FollowingFeedDoradoCooldownSix,1680698015
FollowingFeedDoradoCooldownSix,1680720970
FollowingFeedDoradoCooldownSix,1680732024
FollowingFeedDoradoCooldownSix,1680732027
FollowingFeedDoradoCooldownSix,1680771425
FollowingFeedDoradoCooldownSix,1680787562
FollowingFeedDoradoCooldownSix,1680787563
FollowingFeedDoradoCooldownSix,1680819080
FollowingFeedDoradoCooldownSix,1680819081
FollowingFeedDoradoCooldownSix,1680819083
FollowingFeedDoradoCooldownSix,1680868900
FollowingFeedDoradoCooldownSix,1680884706
FollowingFeedDoradoCooldownSix,1680884707
FollowingFeedDoradoCooldownSix,1680937319
FollowingFeedDoradoCooldownSix,1680937320
FollowingFeedDoradoCooldownSix,1680942136
FollowingFeedDoradoCooldownSix,1680964130
FollowingFeedDoradoCooldownSix,1680979791
FollowingFeedDoradoCooldownSix,1680979792
FollowingFeedDoradoCooldownSix,1681028232
FollowingFeedDoradoCooldownSix,1681028233
FollowingFeedDoradoCooldownSix,1681028991
FollowingFeedDoradoCooldownSix,1681055461
FollowingFeedDoradoCooldownSix,1681066268
FollowingFeedDoradoCooldownSix,1681066269
FollowingFeedDoradoCooldownSix,1681116001
FollowingFeedDoradoCooldownSix,1681116002
FollowingFeedDoradoCooldownSix,1681116003
FollowingFeedDoradoCooldownSix,1681163338
FollowingFeedDoradoCooldownSix,1681163339
FollowingFeedDoradoCooldownSix,1681163341
FollowingFeedDoradoCooldownSix,1681207482
FollowingFeedDoradoCooldownSix,1681207483
FollowingFeedDoradoCooldownSix,1681227369
FollowingFeedDoradoCooldownSix,1681285670
FollowingFeedDoradoCooldownSix,1681285671
FollowingFeedDoradoCooldownSix,1681286116
FollowingFeedDoradoCooldownSix,1681297079
FollowingFeedDoradoCooldownSix,1681297080
FollowingFeedDoradoCooldownSix,1681328134
FollowingFeedDoradoCooldownSix,1681374195
FollowingFeedDoradoCooldownSix,1681374196
FollowingFeedDoradoCooldownSix,1681374198
FollowingFeedDoradoCooldownSix,1681388041
FollowingFeedDoradoCooldownSix,1681388042
FollowingFeedDoradoCooldownSix,1681421055
FollowingFeedDoradoCooldownSix,1681461118
FollowingFeedDoradoCooldownSix,1681461119
FollowingFeedDoradoCooldownSix,1681463817
FollowingFeedDoradoCooldownSix,1681480146
FollowingFeedDoradoCooldownSix,1681480148
FollowingFeedDoradoCooldownSix,1681509466
FollowingFeedDoradoCooldownSix,1681548454
FollowingFeedDoradoCooldownSix,1681548455
FollowingFeedDoradoCooldownSix,1681563658
FollowingFeedDoradoCooldownSix,1681569328
FollowingFeedDoradoCooldownSix,1681569330
FollowingFeedDoradoCooldownSix,1681632667
FollowingFeedDoradoCooldownSix,1681639397
FollowingFeedDoradoCooldownSix,1681645002
FollowingFeedDoradoCooldownSix,1681650244
FollowingFeedDoradoCooldownSix,1681656940
FollowingFeedDoradoCooldownSix,1681658655
FollowingFeedDoradoCooldownSix,1681721031
FollowingFeedDoradoCooldownSix,1681726201
FollowingFeedDoradoCooldownSix,1681738756
FollowingFeedDoradoCooldownSix,1681738758
FollowingFeedDoradoCooldownSix,1681744152
FollowingFeedDoradoCooldownSix,1681750471
FollowingFeedDoradoCooldownSix,1681817947
FollowingFeedDoradoCooldownSix,1681817948
FollowingFeedDoradoCooldownSix,1681830347
FollowingFeedDoradoCooldownSix,1681830348
FollowingFeedDoradoCooldownSix,1681851811
FollowingFeedDoradoCooldownSix,1681851812
FollowingFeedDoradoCooldownSix,1681905260
FollowingFeedDoradoCooldownSix,1681905261
FollowingFeedDoradoCooldownSix,1681942331
FollowingFeedDoradoCooldownSix,1681942332
FollowingFeedDoradoCooldownSix,1681974740
FollowingFeedDoradoCooldownSix,1681974741
FollowingFeedDoradoCooldownSix,1681991678
FollowingFeedDoradoCooldownSix,1681991679
FollowingFeedDoradoCooldownSix,1682028954
FollowingFeedDoradoCooldownSix,1682028955
FollowingFeedDoradoCooldownSix,1682064790
FollowingFeedDoradoCooldownSix,1682064791
FollowingFeedDoradoCooldownSix,1682081888
FollowingFeedDoradoCooldownSix,1682083894
FollowingFeedDoradoCooldownSix,1682116503
FollowingFeedDoradoCooldownSix,1682116504
FollowingFeedDoradoCooldownSix,1682153464
FollowingFeedDoradoCooldownSix,1682153465
FollowingFeedDoradoCooldownSix,1682173299
FollowingFeedDoradoCooldownSix,1682174614
FollowingFeedDoradoCooldownSix,1682208612
FollowingFeedDoradoCooldownSix,1682236375
FollowingFeedDoradoCooldownSix,1682245056
FollowingFeedDoradoCooldownSix,1682250655
FollowingFeedDoradoCooldownSix,1682265903
FollowingFeedDoradoCooldownSix,1682265906
FollowingFeedDoradoCooldownSix,1682321918
FollowingFeedDoradoCooldownSix,1682334870
FollowingFeedDoradoCooldownSix,1682334871
FollowingFeedDoradoCooldownSix,1682345145
FollowingFeedDoradoCooldownSix,1682409950
FollowingFeedDoradoCooldownSix,1682409951
FollowingFeedDoradoCooldownSix,1682413935
FollowingFeedDoradoCooldownSix,1682421928
FollowingFeedDoradoCooldownSix,1682421929
FollowingFeedDoradoCooldownSix,1682433338
FollowingFeedDoradoCooldownSix,1682499530
FollowingFeedDoradoCooldownSix,1682506665
FollowingFeedDoradoCooldownSix,1682506666
FollowingFeedDoradoCooldownSix,1682512524
FollowingFeedDoradoCooldownSix,1682512525
FollowingFeedDoradoCooldownSix,1682520538
FollowingFeedDoradoCooldownSix,1682586232
FollowingFeedDoradoCooldownSix,1682594620
FollowingFeedDoradoCooldownSix,1682594621
FollowingFeedDoradoCooldownSix,1682601886
FollowingFeedDoradoCooldownSix,1682601887
FollowingFeedDoradoCooldownSix,1682610142
FollowingFeedDoradoCooldownSix,1682683048
FollowingFeedDoradoCooldownSix,1682683049
FollowingFeedDoradoCooldownSix,1682683053
FollowingFeedDoradoCooldownSix,1682689293
FollowingFeedDoradoCooldownSix,1682696069
FollowingFeedDoradoCooldownSix,1682709825
FollowingFeedDoradoCooldownSix,1682771073
FollowingFeedDoradoCooldownSix,1682771074
FollowingFeedDoradoCooldownSix,1682775121
FollowingFeedDoradoCooldownSix,1682787740
FollowingFeedDoradoCooldownSix,1682789971
FollowingFeedDoradoCooldownSix,1682799009
FollowingFeedDoradoCooldownSix,1682896110
FollowingFeedDoradoCooldownSix,1682896111
FollowingFeedDoradoCooldownSix,1682896116
FollowingFeedDoradoCooldownSix,1682896118
FollowingFeedDoradoCooldownSix,1682924047
FollowingFeedDoradoCooldownSix,1682924048
FollowingFeedDoradoCooldownSix,1683007425
FollowingFeedDoradoCooldownSix,1683007426
FollowingFeedDoradoCooldownSix,1683007428
FollowingFeedDoradoCooldownSix,1683009286
FollowingFeedDoradoCooldownSix,1683024882
FollowingFeedDoradoCooldownSix,1683024883
FollowingFeedDoradoCooldownSix,1683095810
FollowingFeedDoradoCooldownSix,1683095811
FollowingFeedDoradoCooldownSix,1683095813
FollowingFeedDoradoCooldownSix,1683111269
FollowingFeedDoradoCooldownSix,1683120192
FollowingFeedDoradoCooldownSix,1683120193
FollowingFeedDoradoCooldownSix,1683185846
FollowingFeedDoradoCooldownSix,1683185847
FollowingFeedDoradoCooldownSix,1683193503
FollowingFeedDoradoCooldownSix,1683200751
FollowingFeedDoradoCooldownSix,1683207151
FollowingFeedDoradoCooldownSix,1683207152
FollowingFeedDoradoCooldownSix,1683307213
FollowingFeedDoradoCooldownSix,1683307215
FollowingFeedDoradoCooldownSix,1683307669
FollowingFeedDoradoCooldownSix,1683307670
FollowingFeedDoradoCooldownSix,1683311753
FollowingFeedDoradoCooldownSix,1683311754
FollowingFeedDoradoCooldownSix,1683401411
FollowingFeedDoradoCooldownSix,1683401412
FollowingFeedDoradoCooldownSix,1683433305
FollowingFeedDoradoCooldownSix,1683433306
FollowingFeedDoradoCooldownSix,1683443455
FollowingFeedDoradoCooldownSix,1683443456
FollowingFeedDoradoCooldownSix,1683522072
FollowingFeedDoradoCooldownSix,1683522073
FollowingFeedDoradoCooldownSix,1683522075
FollowingFeedDoradoCooldownSix,1683529197
FollowingFeedDoradoCooldownSix,1683542041
FollowingFeedDoradoCooldownSix,1683542042
FollowingFeedDoradoCooldownSix,1683609391
FollowingFeedDoradoCooldownSix,1683609392
FollowingFeedDoradoCooldownSix,1683644389
FollowingFeedDoradoCooldownSix,1683644390
FollowingFeedDoradoCooldownSix,1683647348
FollowingFeedDoradoCooldownSix,1683647349
FollowingFeedDoradoCooldownSix,1683698938
FollowingFeedDoradoCooldownSix,1683698939
FollowingFeedDoradoCooldownSix,1683782244
FollowingFeedDoradoCooldownSix,1683782245
FollowingFeedDoradoCooldownSix,1683782342
FollowingFeedDoradoCooldownSix,1683782343
FollowingFeedDoradoCooldownSix,1683818816
FollowingFeedDoradoCooldownSix,1683818817
FollowingFeedDoradoCooldownSix,1683879915
FollowingFeedDoradoCooldownSix,1683879916
FollowingFeedDoradoCooldownSix,1683879917
FollowingFeedDoradoCooldownSix,1683879918
FollowingFeedDoradoCooldownSix,1683918462
FollowingFeedDoradoCooldownSix,1683918463
FollowingFeedDoradoCooldownSix,1683966583
FollowingFeedDoradoCooldownSix,1683966584
FollowingFeedDoradoCooldownSix,1683987723
FollowingFeedDoradoCooldownSix,1683987724
FollowingFeedDoradoCooldownSix,1684043517
FollowingFeedDoradoCooldownSix,1684044772
FollowingFeedDoradoCooldownSix,1684065161
FollowingFeedDoradoCooldownSix,1684065162
FollowingFeedDoradoCooldownSix,1684126650
FollowingFeedDoradoCooldownSix,1684126651
FollowingFeedDoradoCooldownSix,1684163915
FollowingFeedDoradoCooldownSix,1684163917
FollowingFeedDoradoCooldownSix,1684163919
FollowingFeedDoradoCooldownSix,1684163920
FollowingFeedDoradoCooldownSix,1684227832
FollowingFeedDoradoCooldownSix,1684227833
FollowingFeedDoradoCooldownSix,1684274350
FollowingFeedDoradoCooldownSix,1684274351
FollowingFeedDoradoCooldownSix,1684275267
FollowingFeedDoradoCooldownSix,1684275286
FollowingFeedDoradoCooldownSix,1684314893
FollowingFeedDoradoCooldownSix,1684316079
FollowingFeedDoradoCooldownSix,1684361047
FollowingFeedDoradoCooldownSix,1684361048
FollowingFeedDoradoCooldownSix,1684392181
FollowingFeedDoradoCooldownSix,1684392182
FollowingFeedDoradoCooldownSix,1684402264
FollowingFeedDoradoCooldownSix,1684405071
FollowingFeedDoradoCooldownSix,1684478847
FollowingFeedDoradoCooldownSix,1684478848
FollowingFeedDoradoCooldownSix,1684480780
FollowingFeedDoradoCooldownSix,1684484605
FollowingFeedDoradoCooldownSix,1684491171
FollowingFeedDoradoCooldownSix,1684495281
FollowingFeedDoradoCooldownSix,1684565743
FollowingFeedDoradoCooldownSix,1684565744
FollowingFeedDoradoCooldownSix,1684576831
FollowingFeedDoradoCooldownSix,1684576833
FollowingFeedDoradoCooldownSix,1684583194
FollowingFeedDoradoCooldownSix,1684583195
FollowingFeedDoradoCooldownSix,1684656448
FollowingFeedDoradoCooldownSix,1684656449
FollowingFeedDoradoCooldownSix,1684667288
FollowingFeedDoradoCooldownSix,1684667289
FollowingFeedDoradoCooldownSix,1684683068
FollowingFeedDoradoCooldownSix,1684683069
FollowingFeedDoradoCooldownSix,1684746287
FollowingFeedDoradoCooldownSix,1684746288
FollowingFeedDoradoCooldownSix,1684755470
FollowingFeedDoradoCooldownSix,1684755471
FollowingFeedDoradoCooldownSix,1684773008
FollowingFeedDoradoCooldownSix,1684773009
FollowingFeedDoradoCooldownSix,1684837239
FollowingFeedDoradoCooldownSix,1684838483
FollowingFeedDoradoCooldownSix,1684846437
FollowingFeedDoradoCooldownSix,1684846438
FollowingFeedDoradoCooldownSix,1684874254
FollowingFeedDoradoCooldownSix,1684874255
FollowingFeedDoradoCooldownSix,1684924172
FollowingFeedDoradoCooldownSix,1684931947
FollowingFeedDoradoCooldownSix,1684932980
FollowingFeedDoradoCooldownSix,1684932981
FollowingFeedDoradoCooldownSix,1684961524
FollowingFeedDoradoCooldownSix,1684961525
FollowingFeedDoradoCooldownSix,1685017747
FollowingFeedDoradoCooldownSix,1685024825
FollowingFeedDoradoCooldownSix,1685024827
FollowingFeedDoradoCooldownSix,1685024829
FollowingFeedDoradoCooldownSix,1685051804
FollowingFeedDoradoCooldownSix,1685051805
FollowingFeedDoradoCooldownSix,1685104306
FollowingFeedDoradoCooldownSix,1685134108
FollowingFeedDoradoCooldownSix,1685134109
FollowingFeedDoradoCooldownSix,1685134110
FollowingFeedDoradoCooldownSix,1685169538
FollowingFeedDoradoCooldownSix,1685169539
FollowingFeedDoradoCooldownSix,1685205517
FollowingFeedDoradoCooldownSix,1685222167
FollowingFeedDoradoCooldownSix,1685222168
FollowingFeedDoradoCooldownSix,1685255445
FollowingFeedDoradoCooldownSix,1685261130
FollowingFeedDoradoCooldownSix,1685261131
FollowingFeedDoradoCooldownSix,1685312063
FollowingFeedDoradoCooldownSix,1685312064
FollowingFeedDoradoCooldownSix,1685312068
FollowingFeedDoradoCooldownSix,1685345795
FollowingFeedDoradoCooldownSix,1685352027
FollowingFeedDoradoCooldownSix,1685352028
FollowingFeedDoradoCooldownSix,1685431707
FollowingFeedDoradoCooldownSix,1685431708
FollowingFeedDoradoCooldownSix,1685431710
FollowingFeedDoradoCooldownSix,1685435632
FollowingFeedDoradoCooldownSix,1685438916
FollowingFeedDoradoCooldownSix,1685438917
FollowingFeedDoradoCooldownSix,1685520685
FollowingFeedDoradoCooldownSix,1685520686
FollowingFeedDoradoCooldownSix,1685526911
FollowingFeedDoradoCooldownSix,1685528923
FollowingFeedDoradoCooldownSix,1685528924
FollowingFeedDoradoCooldownSix,1685528925
FollowingFeedDoradoCooldownSix,1685613461
FollowingFeedDoradoCooldownSix,1685613462
FollowingFeedDoradoCooldownSix,1685613472
FollowingFeedDoradoCooldownSix,1685616595
FollowingFeedDoradoCooldownSix,1685616596
FollowingFeedDoradoCooldownSix,1685616597
FollowingFeedDoradoCooldownSix,1685708283
FollowingFeedDoradoCooldownSix,1685708284
FollowingFeedDoradoCooldownSix,1685708286
FollowingFeedDoradoCooldownSix,1685708287
FollowingFeedDoradoCooldownSix,1685709061
FollowingFeedDoradoCooldownSix,1685714695
FollowingFeedDoradoCooldownSix,1685819948
FollowingFeedDoradoCooldownSix,1685819949
FollowingFeedDoradoCooldownSix,1685819956
FollowingFeedDoradoCooldownSix,1685819957
FollowingFeedDoradoCooldownSix,1685821566
FollowingFeedDoradoCooldownSix,1685821567
FollowingFeedDoradoCooldownSix,1685943721
FollowingFeedDoradoCooldownSix,1685943722
FollowingFeedDoradoCooldownSix,1685943730
FollowingFeedDoradoCooldownSix,1685943731
FollowingFeedDoradoCooldownSix,1685953820
FollowingFeedDoradoCooldownSix,1685953821
FollowingFeedDoradoCooldownSix,1686035651
FollowingFeedDoradoCooldownSix,1686035652
FollowingFeedDoradoCooldownSix,1686037479
FollowingFeedDoradoCooldownSix,1686039848
FollowingFeedDoradoCooldownSix,1686043477
FollowingFeedDoradoCooldownSix,1686043478
FollowingFeedDoradoCooldownSix,1686123897
FollowingFeedDoradoCooldownSix,1686123898
FollowingFeedDoradoCooldownSix,1686123900
FollowingFeedDoradoCooldownSix,1686130639
FollowingFeedDoradoCooldownSix,1686130640
FollowingFeedDoradoCooldownSix,1686130642
FollowingFeedDoradoCooldownSix,1686210459
FollowingFeedDoradoCooldownSix,1686210643
FollowingFeedDoradoCooldownSix,1686210644
FollowingFeedDoradoCooldownSix,1686222499
FollowingFeedDoradoCooldownSix,1686222500
FollowingFeedDoradoCooldownSix,1686222503
FollowingFeedDoradoCooldownSix,1686299366
FollowingFeedDoradoCooldownSix,1686312879
FollowingFeedDoradoCooldownSix,1686312880
FollowingFeedDoradoCooldownSix,1686322658
FollowingFeedDoradoCooldownSix,1686322659
FollowingFeedDoradoCooldownSix,1686322661
FollowingFeedDoradoCooldownSix,1686409203
FollowingFeedDoradoCooldownSix,1686409204
FollowingFeedDoradoCooldownSix,1686409206
FollowingFeedDoradoCooldownSix,1686409207
FollowingFeedDoradoCooldownSix,1686409236
FollowingFeedDoradoCooldownSix,1686409237
FollowingFeedDoradoCooldownSix,1686504458
FollowingFeedDoradoCooldownSix,1686504459
FollowingFeedDoradoCooldownSix,1686504461
FollowingFeedDoradoCooldownSix,1686504462
FollowingFeedDoradoCooldownSix,1686504475
FollowingFeedDoradoCooldownSix,1686504476
FollowingFeedDoradoCooldownSix,1686607339
FollowingFeedDoradoCooldownSix,1686607340
FollowingFeedDoradoCooldownSix,1686639486
FollowingFeedDoradoCooldownSix,1686639487
FollowingFeedDoradoCooldownSix,1686639489
FollowingFeedDoradoCooldownSix,1686639490
FollowingFeedDoradoCooldownSix,1686727051
FollowingFeedDoradoCooldownSix,1686727052
FollowingFeedDoradoCooldownSix,1686735568
FollowingFeedDoradoCooldownSix,1686735569
FollowingFeedDoradoCooldownSix,1686735571
FollowingFeedDoradoCooldownSix,1686735572
FollowingFeedDoradoCooldownSix,1686815210
FollowingFeedDoradoCooldownSix,1686815211
FollowingFeedDoradoCooldownSix,1686824121
FollowingFeedDoradoCooldownSix,1686824122
FollowingFeedDoradoCooldownSix,1686824124
FollowingFeedDoradoCooldownSix,1686824125
FollowingFeedDoradoCooldownSix,1686903121
FollowingFeedDoradoCooldownSix,1686903123
FollowingFeedDoradoCooldownSix,1686917558
FollowingFeedDoradoCooldownSix,1686917559
FollowingFeedDoradoCooldownSix,1686917561
FollowingFeedDoradoCooldownSix,1686917563
FollowingFeedDoradoCooldownSix,1687005271
FollowingFeedDoradoCooldownSix,1687005272
FollowingFeedDoradoCooldownSix,1687005274
FollowingFeedDoradoCooldownSix,1687076366
FollowingFeedDoradoCooldownSix,1687076367
FollowingFeedDoradoCooldownSix,1687076369
FollowingFeedDoradoCooldownSix,1687093651
FollowingFeedDoradoCooldownSix,1687093652
FollowingFeedDoradoCooldownSix,1687093655
FollowingFeedDoradoCooldownSix,1687164974
FollowingFeedDoradoCooldownSix,1687176848
FollowingFeedDoradoCooldownSix,1687176849
FollowingFeedDoradoCooldownSix,1687186410
FollowingFeedDoradoCooldownSix,1687186419
FollowingFeedDoradoCooldownSix,1687186420
FollowingFeedDoradoCooldownSix,1687258870
FollowingFeedDoradoCooldownSix,1687264953
FollowingFeedDoradoCooldownSix,1687264954
FollowingFeedDoradoCooldownSix,1687276915
FollowingFeedDoradoCooldownSix,1687276916
FollowingFeedDoradoCooldownSix,1687278629
FollowingFeedDoradoCooldownSix,1687355597
FollowingFeedDoradoCooldownSix,1687355598
FollowingFeedDoradoCooldownSix,1687355640
FollowingFeedDoradoCooldownSix,1687375380
FollowingFeedDoradoCooldownSix,1687375381
FollowingFeedDoradoCooldownSix,1687375383
FollowingFeedDoradoCooldownSix,1687443747
FollowingFeedDoradoCooldownSix,1687443748
FollowingFeedDoradoCooldownSix,1687443750
FollowingFeedDoradoCooldownSix,1687472307
FollowingFeedDoradoCooldownSix,1687472308
FollowingFeedDoradoCooldownSix,1687472310
FollowingFeedDoradoCooldownSix,1687530698
FollowingFeedDoradoCooldownSix,1687530699
FollowingFeedDoradoCooldownSix,1687530701
FollowingFeedDoradoCooldownSix,1687594650
FollowingFeedDoradoCooldownSix,1687594651
FollowingFeedDoradoCooldownSix,1687594652
FollowingFeedDoradoCooldownSix,1687619182
FollowingFeedDoradoCooldownSix,1687619183
FollowingFeedDoradoCooldownSix,1687619184
FollowingFeedDoradoCooldownSix,1687693773
FollowingFeedDoradoCooldownSix,1687693774
FollowingFeedDoradoCooldownSix,1687698134
FollowingFeedDoradoCooldownSix,1687730565
FollowingFeedDoradoCooldownSix,1687730568
FollowingFeedDoradoCooldownSix,1687730569
FollowingFeedDoradoCooldownSix,1687787104
FollowingFeedDoradoCooldownSix,1687787105
FollowingFeedDoradoCooldownSix,1687787106
FollowingFeedDoradoCooldownSix,1687844444
FollowingFeedDoradoCooldownSix,1687844446
FollowingFeedDoradoCooldownSix,1687844447
FollowingFeedDoradoCooldownSix,1687875294
FollowingFeedDoradoCooldownSix,1687875295
FollowingFeedDoradoCooldownSix,1687875297
FollowingFeedDoradoCooldownSix,1687932613
FollowingFeedDoradoCooldownSix,1687932614
FollowingFeedDoradoCooldownSix,1687932616
FollowingFeedDoradoCooldownSix,1687970896
FollowingFeedDoradoCooldownSix,1687970897
FollowingFeedDoradoCooldownSix,1687970898
FollowingFeedDoradoCooldownSix,1688025225
FollowingFeedDoradoCooldownSix,1688025226
FollowingFeedDoradoCooldownSix,1688025228
FollowingFeedDoradoCooldownSix,1688062333
FollowingFeedDoradoCooldownSix,1688062334
FollowingFeedDoradoCooldownSix,1688062336
FollowingFeedDoradoCooldownSix,1688117230
FollowingFeedDoradoCooldownSix,1688117231
FollowingFeedDoradoCooldownSix,1688117233
FollowingFeedDoradoCooldownSix,1688156333
FollowingFeedDoradoCooldownSix,1688156334
FollowingFeedDoradoCooldownSix,1688156336
FollowingFeedDoradoCooldownSix,1688206834
FollowingFeedDoradoCooldownSix,1688206836
FollowingFeedDoradoCooldownSix,1688206837
FollowingFeedDoradoCooldownSix,1688243177
FollowingFeedDoradoCooldownSix,1688243178
FollowingFeedDoradoCooldownSix,1688243181
FollowingFeedDoradoCooldownSix,1688303654
FollowingFeedDoradoCooldownSix,1688303655
FollowingFeedDoradoCooldownSix,1688307374
FollowingFeedDoradoCooldownSix,1688329992
FollowingFeedDoradoCooldownSix,1688329993
FollowingFeedDoradoCooldownSix,1688329995
FollowingFeedDoradoCooldownSix,1688393883
FollowingFeedDoradoCooldownSix,1688393884
FollowingFeedDoradoCooldownSix,1688400019
FollowingFeedDoradoCooldownSix,1688418193
FollowingFeedDoradoCooldownSix,1688418194
FollowingFeedDoradoCooldownSix,1688418226
FollowingFeedDoradoCooldownSix,1688481217
FollowingFeedDoradoCooldownSix,1688481219
FollowingFeedDoradoCooldownSix,1688490663
FollowingFeedDoradoCooldownSix,1688506203
FollowingFeedDoradoCooldownSix,1688506204
FollowingFeedDoradoCooldownSix,1688506211
FollowingFeedDoradoCooldownSix,1688567907
FollowingFeedDoradoCooldownSix,1688567908
FollowingFeedDoradoCooldownSix,1688579785
FollowingFeedDoradoCooldownSix,1688592724
FollowingFeedDoradoCooldownSix,1688592725
FollowingFeedDoradoCooldownSix,1688593717
FollowingFeedDoradoCooldownSix,1688658869
FollowingFeedDoradoCooldownSix,1688658870
FollowingFeedDoradoCooldownSix,1688674840
FollowingFeedDoradoCooldownSix,1688680457
FollowingFeedDoradoCooldownSix,1688680458
FollowingFeedDoradoCooldownSix,1688680460
FollowingFeedDoradoCooldownSix,1688748101
FollowingFeedDoradoCooldownSix,1688748102
FollowingFeedDoradoCooldownSix,1688764560
FollowingFeedDoradoCooldownSix,1688792970
FollowingFeedDoradoCooldownSix,1688792971
FollowingFeedDoradoCooldownSix,1688807992
FollowingFeedDoradoCooldownSix,1688889258
FollowingFeedDoradoCooldownSix,1688889259
FollowingFeedDoradoCooldownSix,1688897985
FollowingFeedDoradoCooldownSix,1688897986
FollowingFeedDoradoCooldownSix,1688897988
FollowingFeedDoradoCooldownSix,1688897989
FollowingFeedDoradoCooldownSix,1688986352
FollowingFeedDoradoCooldownSix,1688986353
FollowingFeedDoradoCooldownSix,1688986354
FollowingFeedDoradoCooldownSix,1688986355
FollowingFeedDoradoCooldownSix,1688988083
FollowingFeedDoradoCooldownSix,1688989114
FollowingFeedDoradoCooldownSix,1689083100
FollowingFeedDoradoCooldownSix,1689083102
FollowingFeedDoradoCooldownSix,1689083103
FollowingFeedDoradoCooldownSix,1689083281
FollowingFeedDoradoCooldownSix,1689083282
FollowingFeedDoradoCooldownSix,1689083284
FollowingFeedDoradoCooldownSix,1689174655
FollowingFeedDoradoCooldownSix,1689174656
FollowingFeedDoradoCooldownSix,1689174658
FollowingFeedDoradoCooldownSix,1689174659
FollowingFeedDoradoCooldownSix,1689174897
FollowingFeedDoradoCooldownSix,1689174898
FollowingFeedDoradoCooldownSix,1689285828
FollowingFeedDoradoCooldownSix,1689285829
FollowingFeedDoradoCooldownSix,1689285831
FollowingFeedDoradoCooldownSix,1689285832
FollowingFeedDoradoCooldownSix,1689286645
FollowingFeedDoradoCooldownSix,1689286646
FollowingFeedDoradoCooldownSix,1689407145
FollowingFeedDoradoCooldownSix,1689407146
FollowingFeedDoradoCooldownSix,1689415623
FollowingFeedDoradoCooldownSix,1689415624
FollowingFeedDoradoCooldownSix,1689415627
FollowingFeedDoradoCooldownSix,1689415628
FollowingFeedDoradoCooldownSix,1689494180
FollowingFeedDoradoCooldownSix,1689494181
FollowingFeedDoradoCooldownSix,1689502527
FollowingFeedDoradoCooldownSix,1689502528
FollowingFeedDoradoCooldownSix,1689502530
FollowingFeedDoradoCooldownSix,1689526294
FollowingFeedDoradoCooldownSix,1689583669
FollowingFeedDoradoCooldownSix,1689583670
FollowingFeedDoradoCooldownSix,1689594812
FollowingFeedDoradoCooldownSix,1689594814
FollowingFeedDoradoCooldownSix,1689594815
FollowingFeedDoradoCooldownSix,1689622636
FollowingFeedDoradoCooldownSix,1689681435
FollowingFeedDoradoCooldownSix,1689681436
FollowingFeedDoradoCooldownSix,1689681474
FollowingFeedDoradoCooldownSix,1689684928
FollowingFeedDoradoCooldownSix,1689684929
FollowingFeedDoradoCooldownSix,1689717915
FollowingFeedDoradoCooldownSix,1689768411
FollowingFeedDoradoCooldownSix,1689768412
FollowingFeedDoradoCooldownSix,1689768414
FollowingFeedDoradoCooldownSix,1689773921
FollowingFeedDoradoCooldownSix,1689773923
FollowingFeedDoradoCooldownSix,1689839916
FollowingFeedDoradoCooldownSix,1689858322
FollowingFeedDoradoCooldownSix,1689858323
FollowingFeedDoradoCooldownSix,1689866790
FollowingFeedDoradoCooldownSix,1689866791
FollowingFeedDoradoCooldownSix,1689866793
FollowingFeedDoradoCooldownSix,1689927699
FollowingFeedDoradoCooldownSix,1689949872
FollowingFeedDoradoCooldownSix,1689949873
FollowingFeedDoradoCooldownSix,1689953773
FollowingFeedDoradoCooldownSix,1689953774
FollowingFeedDoradoCooldownSix,1689954850
FollowingFeedDoradoCooldownSix,1690020879
FollowingFeedDoradoCooldownSix,1690047436
FollowingFeedDoradoCooldownSix,1690053084
FollowingFeedDoradoCooldownSix,1690053086
FollowingFeedDoradoCooldownSix,1690062605
FollowingFeedDoradoCooldownSix,1690062606
FollowingFeedDoradoCooldownSix,1690110073
FollowingFeedDoradoCooldownSix,1690149498
FollowingFeedDoradoCooldownSix,1690149499
FollowingFeedDoradoCooldownSix,1690149902
FollowingFeedDoradoCooldownSix,1690149903
FollowingFeedDoradoCooldownSix,1690182819
FollowingFeedDoradoCooldownSix,1690197589
FollowingFeedDoradoCooldownSix,1690236441
FollowingFeedDoradoCooldownSix,1690236442
FollowingFeedDoradoCooldownSix,1690236444
FollowingFeedDoradoCooldownSix,1690236445
FollowingFeedDoradoCooldownSix,1690278430
FollowingFeedDoradoCooldownSix,1690290020
FollowingFeedDoradoCooldownSix,1690350078
FollowingFeedDoradoCooldownSix,1690350079
FollowingFeedDoradoCooldownSix,1690350081
FollowingFeedDoradoCooldownSix,1690355132
FollowingFeedDoradoCooldownSix,1690368219
FollowingFeedDoradoCooldownSix,1690377320
FollowingFeedDoradoCooldownSix,1690442076
FollowingFeedDoradoCooldownSix,1690442077
FollowingFeedDoradoCooldownSix,1690448848
FollowingFeedDoradoCooldownSix,1690448849
FollowingFeedDoradoCooldownSix,1690459418
FollowingFeedDoradoCooldownSix,1690476036
FollowingFeedDoradoCooldownSix,1690530210
FollowingFeedDoradoCooldownSix,1690530211
FollowingFeedDoradoCooldownSix,1690557143
FollowingFeedDoradoCooldownSix,1690557144
FollowingFeedDoradoCooldownSix,1690583324
FollowingFeedDoradoCooldownSix,1690626079
FollowingFeedDoradoCooldownSix,1690626080
FollowingFeedDoradoCooldownSix,1690626082
FollowingFeedDoradoCooldownSix,1690660565
FollowingFeedDoradoCooldownSix,1690660566
FollowingFeedDoradoCooldownSix,1690706043
FollowingFeedDoradoCooldownSix,1690716349
FollowingFeedDoradoCooldownSix,1690716350
FollowingFeedDoradoCooldownSix,1690718454
FollowingFeedDoradoCooldownSix,1690750515
FollowingFeedDoradoCooldownSix,1690752342
FollowingFeedDoradoCooldownSix,1690796098
FollowingFeedDoradoCooldownSix,1690813733
FollowingFeedDoradoCooldownSix,1690813734
FollowingFeedDoradoCooldownSix,1690813736
FollowingFeedDoradoCooldownSix,1690840281
FollowingFeedDoradoCooldownSix,1690840282
FollowingFeedDoradoCooldownSix,1690888522
FollowingFeedDoradoCooldownSix,1690903509
FollowingFeedDoradoCooldownSix,1690903510
FollowingFeedDoradoCooldownSix,1690903512
FollowingFeedDoradoCooldownSix,1690960628
FollowingFeedDoradoCooldownSix,1690960629
FollowingFeedDoradoCooldownSix,1690975369
FollowingFeedDoradoCooldownSix,1690998167
FollowingFeedDoradoCooldownSix,1690998168
FollowingFeedDoradoCooldownSix,1691008267
FollowingFeedDoradoCooldownSix,1691047474
FollowingFeedDoradoCooldownSix,1691047475
FollowingFeedDoradoCooldownSix,1691067520
FollowingFeedDoradoCooldownSix,1691093910
FollowingFeedDoradoCooldownSix,1691093911
FollowingFeedDoradoCooldownSix,1691095750
FollowingFeedDoradoCooldownSix,1691139843
FollowingFeedDoradoCooldownSix,1691139844
FollowingFeedDoradoCooldownSix,1691156272
FollowingFeedDoradoCooldownSix,1691187435
FollowingFeedDoradoCooldownSix,1691187436
FollowingFeedDoradoCooldownSix,1691236806
FollowingFeedDoradoCooldownSix,1691236807
FollowingFeedDoradoCooldownSix,1691241464
FollowingFeedDoradoCooldownSix,1691243380
FollowingFeedDoradoCooldownSix,1691306702
FollowingFeedDoradoCooldownSix,1691306703
FollowingFeedDoradoCooldownSix,1691352308
FollowingFeedDoradoCooldownSix,1691352461
FollowingFeedDoradoCooldownSix,1691352462
FollowingFeedDoradoCooldownSix,1691355846
FollowingFeedDoradoCooldownSix,1691396239
FollowingFeedDoradoCooldownSix,1691396240
FollowingFeedDoradoCooldownSix,1691441441
FollowingFeedDoradoCooldownSix,1691443879
FollowingFeedDoradoCooldownSix,1691443880
FollowingFeedDoradoCooldownSix,1691481690
FollowingFeedDoradoCooldownSix,1691482715
FollowingFeedDoradoCooldownSix,1691482716
FollowingFeedDoradoCooldownSix,1691529012
FollowingFeedDoradoCooldownSix,1691568477
FollowingFeedDoradoCooldownSix,1691568478
FollowingFeedDoradoCooldownSix,1691572112
FollowingFeedDoradoCooldownSix,1691572113
FollowingFeedDoradoCooldownSix,1691572115
FollowingFeedDoradoCooldownSix,1691655409
FollowingFeedDoradoCooldownSix,1691655410
FollowingFeedDoradoCooldownSix,1691660440
FollowingFeedDoradoCooldownSix,1691660441
FollowingFeedDoradoCooldownSix,1691662027
FollowingFeedDoradoCooldownSix,1691662028
FollowingFeedDoradoCooldownSix,1691744480
FollowingFeedDoradoCooldownSix,1691744481
FollowingFeedDoradoCooldownSix,1691747130
FollowingFeedDoradoCooldownSix,1691747131
FollowingFeedDoradoCooldownSix,1691749351
FollowingFeedDoradoCooldownSix,1691749352
FollowingFeedDoradoCooldownSix,1691843660
FollowingFeedDoradoCooldownSix,1691843661
FollowingFeedDoradoCooldownSix,1691843771
FollowingFeedDoradoCooldownSix,1691843772
FollowingFeedDoradoCooldownSix,1691866941
FollowingFeedDoradoCooldownSix,1691866942
FollowingFeedDoradoCooldownSix,1691944535
FollowingFeedDoradoCooldownSix,1691952227
FollowingFeedDoradoCooldownSix,1691961255
FollowingFeedDoradoCooldownSix,1691961256
FollowingFeedDoradoCooldownSix,1691961649
FollowingFeedDoradoCooldownSix,1691961650
FollowingFeedDoradoCooldownSix,1692045220
FollowingFeedDoradoCooldownSix,1692048579
FollowingFeedDoradoCooldownSix,1692048580
FollowingFeedDoradoCooldownSix,1692048582
FollowingFeedDoradoCooldownSix,1692048583
FollowingFeedDoradoCooldownSix,1692085301
FollowingFeedDoradoCooldownSix,1692135874
FollowingFeedDoradoCooldownSix,1692135875
FollowingFeedDoradoCooldownSix,1692135876
FollowingFeedDoradoCooldownSix,1692135877
FollowingFeedDoradoCooldownSix,1692173478
FollowingFeedDoradoCooldownSix,1692173479
FollowingFeedDoradoCooldownSix,1692223194
FollowingFeedDoradoCooldownSix,1692223195
FollowingFeedDoradoCooldownSix,1692223197
FollowingFeedDoradoCooldownSix,1692223198
FollowingFeedDoradoCooldownSix,1692261061
FollowingFeedDoradoCooldownSix,1692261062
FollowingFeedDoradoCooldownSix,1692312722
FollowingFeedDoradoCooldownSix,1692312733
FollowingFeedDoradoCooldownSix,1692341166
FollowingFeedDoradoCooldownSix,1692341167
FollowingFeedDoradoCooldownSix,1692352805
FollowingFeedDoradoCooldownSix,1692352806
FollowingFeedDoradoCooldownSix,1692436255
FollowingFeedDoradoCooldownSix,1692436256
FollowingFeedDoradoCooldownSix,1692436275
FollowingFeedDoradoCooldownSix,1692437513
FollowingFeedDoradoCooldownSix,1692440596
FollowingFeedDoradoCooldownSix,1692440597
FollowingFeedDoradoCooldownSix,1692539531
FollowingFeedDoradoCooldownSix,1692539532
FollowingFeedDoradoCooldownSix,1692539534
FollowingFeedDoradoCooldownSix,1692539535
FollowingFeedDoradoCooldownSix,1692606382
FollowingFeedDoradoCooldownSix,1692606383
FollowingFeedDoradoCooldownSix,1692631626
FollowingFeedDoradoCooldownSix,1692631627
FollowingFeedDoradoCooldownSix,1692632349
FollowingFeedDoradoCooldownSix,1692632350
FollowingFeedDoradoCooldownSix,1692693611
FollowingFeedDoradoCooldownSix,1692693612
FollowingFeedDoradoCooldownSix,1692719490
FollowingFeedDoradoCooldownSix,1692719491
FollowingFeedDoradoCooldownSix,1692719493
FollowingFeedDoradoCooldownSix,1692719494
FollowingFeedDoradoCooldownSix,1692784555
FollowingFeedDoradoCooldownSix,1692784556
FollowingFeedDoradoCooldownSix,1692811952
FollowingFeedDoradoCooldownSix,1692811953
FollowingFeedDoradoCooldownSix,1692812006
FollowingFeedDoradoCooldownSix,1692812007
FollowingFeedDoradoCooldownSix,1692877518
FollowingFeedDoradoCooldownSix,1692877519
FollowingFeedDoradoCooldownSix,1692956609
FollowingFeedDoradoCooldownSix,1692956613
FollowingFeedDoradoCooldownSix,1692956614
FollowingFeedDoradoCooldownSix,1692957505
FollowingFeedDoradoCooldownSix,1692977217
FollowingFeedDoradoCooldownSix,1692977218
FollowingFeedDoradoCooldownSix,1693057820
FollowingFeedDoradoCooldownSix,1693057821
FollowingFeedDoradoCooldownSix,1693057824
FollowingFeedDoradoCooldownSix,1693057825
FollowingFeedDoradoCooldownSix,1693076119
FollowingFeedDoradoCooldownSix,1693076120
FollowingFeedDoradoCooldownSix,1693162070
FollowingFeedDoradoCooldownSix,1693162071
FollowingFeedDoradoCooldownSix,1693170168
FollowingFeedDoradoCooldownSix,1693170171
FollowingFeedDoradoCooldownSix,1693170172
FollowingFeedDoradoCooldownSix,1693207105
FollowingFeedDoradoCooldownSix,1693252188
FollowingFeedDoradoCooldownSix,1693252189
FollowingFeedDoradoCooldownSix,1693298567
FollowingFeedDoradoCooldownSix,1693298568
FollowingFeedDoradoCooldownSix,1693310658
FollowingFeedDoradoCooldownSix,1693312129
FollowingFeedDoradoCooldownSix,1693340370
FollowingFeedDoradoCooldownSix,1693340382
FollowingFeedDoradoCooldownSix,1693387863
FollowingFeedDoradoCooldownSix,1693387864
FollowingFeedDoradoCooldownSix,1693417139
FollowingFeedDoradoCooldownSix,1693417140
FollowingFeedDoradoCooldownSix,1693429945
FollowingFeedDoradoCooldownSix,1693429946
FollowingFeedDoradoCooldownSix,1693479219
FollowingFeedDoradoCooldownSix,1693479221
FollowingFeedDoradoCooldownSix,1693515441
FollowingFeedDoradoCooldownSix,1693515442
FollowingFeedDoradoCooldownSix,1693555122
FollowingFeedDoradoCooldownSix,1693572219
FollowingFeedDoradoCooldownSix,1693576255
FollowingFeedDoradoCooldownSix,1693576256
FollowingFeedDoradoCooldownSix,1693606227
FollowingFeedDoradoCooldownSix,1693606228
FollowingFeedDoradoCooldownSix,1693643099
FollowingFeedDoradoCooldownSix,1693672281
FollowingFeedDoradoCooldownSix,1693672282
FollowingFeedDoradoCooldownSix,1693672316
FollowingFeedDoradoCooldownSix,1693728325
FollowingFeedDoradoCooldownSix,1693728327
FollowingFeedDoradoCooldownSix,1693731550
FollowingFeedDoradoCooldownSix,1693759242
FollowingFeedDoradoCooldownSix,1693759243
FollowingFeedDoradoCooldownSix,1693759245
FollowingFeedDoradoCooldownSix,1693821664
FollowingFeedDoradoCooldownSix,1693821665
FollowingFeedDoradoCooldownSix,1693821667
FollowingFeedDoradoCooldownSix,1693860226
FollowingFeedDoradoCooldownSix,1693860228
FollowingFeedDoradoCooldownSix,1693860230
FollowingFeedDoradoCooldownSix,1693914880
FollowingFeedDoradoCooldownSix,1693914881
FollowingFeedDoradoCooldownSix,1693914884
FollowingFeedDoradoCooldownSix,1693946902
FollowingFeedDoradoCooldownSix,1693946903
FollowingFeedDoradoCooldownSix,1693946981
FollowingFeedDoradoCooldownSix,1694009064
FollowingFeedDoradoCooldownSix,1694009066
FollowingFeedDoradoCooldownSix,1694009067
FollowingFeedDoradoCooldownSix,1694035339
FollowingFeedDoradoCooldownSix,1694035340
FollowingFeedDoradoCooldownSix,1694035343
FollowingFeedDoradoCooldownSix,1694096266
FollowingFeedDoradoCooldownSix,1694096267
FollowingFeedDoradoCooldownSix,1694099847
FollowingFeedDoradoCooldownSix,1694123517
FollowingFeedDoradoCooldownSix,1694123518
FollowingFeedDoradoCooldownSix,1694123521
FollowingFeedDoradoCooldownSix,1694193927
FollowingFeedDoradoCooldownSix,1694193928
FollowingFeedDoradoCooldownSix,1694245200
FollowingFeedDoradoCooldownSix,1694248754
FollowingFeedDoradoCooldownSix,1694248755
FollowingFeedDoradoCooldownSix,1694249243
FollowingFeedDoradoCooldownSix,1694335949
FollowingFeedDoradoCooldownSix,1694335951
FollowingFeedDoradoCooldownSix,1694336297
FollowingFeedDoradoCooldownSix,1694339384
FollowingFeedDoradoCooldownSix,1694339385
FollowingFeedDoradoCooldownSix,1694352992
FollowingFeedDoradoCooldownSix,1694424142
FollowingFeedDoradoCooldownSix,1694429294
FollowingFeedDoradoCooldownSix,1694429295
FollowingFeedDoradoCooldownSix,1694437402
FollowingFeedDoradoCooldownSix,1694437403
FollowingFeedDoradoCooldownSix,1694442804
FollowingFeedDoradoCooldownSix,1694518274
FollowingFeedDoradoCooldownSix,1694523964
FollowingFeedDoradoCooldownSix,1694523966
FollowingFeedDoradoCooldownSix,1694523967
FollowingFeedDoradoCooldownSix,1694528456
FollowingFeedDoradoCooldownSix,1694535751
FollowingFeedDoradoCooldownSix,1694606817
FollowingFeedDoradoCooldownSix,1694618007
FollowingFeedDoradoCooldownSix,1694618008
FollowingFeedDoradoCooldownSix,1694619307
FollowingFeedDoradoCooldownSix,1694621566
FollowingFeedDoradoCooldownSix,1694631289
FollowingFeedDoradoCooldownSix,1694697099
FollowingFeedDoradoCooldownSix,1694705561
FollowingFeedDoradoCooldownSix,1694705562
FollowingFeedDoradoCooldownSix,1694728385
FollowingFeedDoradoCooldownSix,1694728386
FollowingFeedDoradoCooldownSix,1694728421
FollowingFeedDoradoCooldownSix,1694785427
FollowingFeedDoradoCooldownSix,1694855480
FollowingFeedDoradoCooldownSix,1694855481
FollowingFeedDoradoCooldownSix,1694855483
FollowingFeedDoradoCooldownSix,1694855484
FollowingFeedDoradoCooldownSix,1694855486
FollowingFeedDoradoCooldownSix,1694872774
FollowingFeedDoradoCooldownSix,1694944587
FollowingFeedDoradoCooldownSix,1694944588
FollowingFeedDoradoCooldownSix,1694944603
FollowingFeedDoradoCooldownSix,1694944604
FollowingFeedDoradoCooldownSix,1694958050
FollowingFeedDoradoCooldownSix,1694983149
FollowingFeedDoradoCooldownSix,1695032322
FollowingFeedDoradoCooldownSix,1695032323
FollowingFeedDoradoCooldownSix,1695036719
FollowingFeedDoradoCooldownSix,1695036720
FollowingFeedDoradoCooldownSix,1695046123
FollowingFeedDoradoCooldownSix,1695073232
FollowingFeedDoradoCooldownSix,1695133315
FollowingFeedDoradoCooldownSix,1695133316
FollowingFeedDoradoCooldownSix,1695133318
FollowingFeedDoradoCooldownSix,1695133319
FollowingFeedDoradoCooldownSix,1695135859
FollowingFeedDoradoCooldownSix,1695195794
FollowingFeedDoradoCooldownSix,1695222044
FollowingFeedDoradoCooldownSix,1695222045
FollowingFeedDoradoCooldownSix,1695222048
FollowingFeedDoradoCooldownSix,1695222049
FollowingFeedDoradoCooldownSix,1695224786
FollowingFeedDoradoCooldownSix,1695282635
FollowingFeedDoradoCooldownSix,1695309799
FollowingFeedDoradoCooldownSix,1695309800
FollowingFeedDoradoCooldownSix,1695311425
FollowingFeedDoradoCooldownSix,1695311426
FollowingFeedDoradoCooldownSix,1695313863
FollowingFeedDoradoCooldownSix,1695372767
FollowingFeedDoradoCooldownSix,1695398118
FollowingFeedDoradoCooldownSix,1695398120
FollowingFeedDoradoCooldownSix,1695398121
FollowingFeedDoradoCooldownSix,1695405555
FollowingFeedDoradoCooldownSix,1695405562
FollowingFeedDoradoCooldownSix,1695487421
FollowingFeedDoradoCooldownSix,1695487422
FollowingFeedDoradoCooldownSix,1695487429
FollowingFeedDoradoCooldownSix,1695487430
FollowingFeedDoradoCooldownSix,1695494023
FollowingFeedDoradoCooldownSix,1695499752
FollowingFeedDoradoCooldownSix,1695587882
FollowingFeedDoradoCooldownSix,1695587921
FollowingFeedDoradoCooldownSix,1695587922
FollowingFeedDoradoCooldownSix,1695587930
FollowingFeedDoradoCooldownSix,1695587931
FollowingFeedDoradoCooldownSix,1695587971
FollowingFeedDoradoCooldownSix,1695714039
FollowingFeedDoradoCooldownSix,1695714040
FollowingFeedDoradoCooldownSix,1695714042
FollowingFeedDoradoCooldownSix,1695714043
FollowingFeedDoradoCooldownSix,1695745936
FollowingFeedDoradoCooldownSix,1695745937
FollowingFeedDoradoCooldownSix,1695823030
FollowingFeedDoradoCooldownSix,1695823031
FollowingFeedDoradoCooldownSix,1695823032
FollowingFeedDoradoCooldownSix,1695823033
FollowingFeedDoradoCooldownSix,1695848343
FollowingFeedDoradoCooldownSix,1695848473
FollowingFeedDoradoCooldownSix,1695911446
FollowingFeedDoradoCooldownSix,1695911447
FollowingFeedDoradoCooldownSix,1695911449
FollowingFeedDoradoCooldownSix,1695911450
FollowingFeedDoradoCooldownSix,1695977422
FollowingFeedDoradoCooldownSix,1695977423
FollowingFeedDoradoCooldownSix,1695999583
FollowingFeedDoradoCooldownSix,1695999584
FollowingFeedDoradoCooldownSix,1696003771
FollowingFeedDoradoCooldownSix,1696003772
FollowingFeedDoradoCooldownSix,1696072026
FollowingFeedDoradoCooldownSix,1696072027
FollowingFeedDoradoCooldownSix,1696086127
FollowingFeedDoradoCooldownSix,1696086128
FollowingFeedDoradoCooldownSix,1696121749
FollowingFeedDoradoCooldownSix,1696121750
FollowingFeedDoradoCooldownSix,1696172934
FollowingFeedDoradoCooldownSix,1696172935
FollowingFeedDoradoCooldownSix,1696172956
FollowingFeedDoradoCooldownSix,1696172957
FollowingFeedDoradoCooldownSix,1696181208
FollowingFeedDoradoCooldownSix,1696181209
FollowingFeedDoradoCooldownSix,1696183741
FollowingFeedDoradoCooldownSix,1696183742
FollowingFeedDoradoCooldownSix,1696196642
FollowingFeedDoradoCooldownSix,1696196643
FollowingFeedDoradoCooldownSix,1696321312
FollowingFeedDoradoCooldownSix,1696321313
FollowingFeedDoradoCooldownSix,1696321390
FollowingFeedDoradoCooldownSix,1696321391
FollowingFeedDoradoCooldownSix,1696324327
FollowingFeedDoradoCooldownSix,1696324328
FollowingFeedDoradoCooldownSix,1696410442
FollowingFeedDoradoCooldownSix,1696410443
FollowingFeedDoradoCooldownSix,1696412150
FollowingFeedDoradoCooldownSix,1696412151
FollowingFeedDoradoCooldownSix,1696428384
FollowingFeedDoradoCooldownSix,1696428385
FollowingFeedDoradoCooldownSix,1696508252
FollowingFeedDoradoCooldownSix,1696508253
FollowingFeedDoradoCooldownSix,1696508254
FollowingFeedDoradoCooldownSix,1696508255
FollowingFeedDoradoCooldownSix,1696517829
FollowingFeedDoradoCooldownSix,1696517830
FollowingFeedDoradoCooldownSix,1696603179
FollowingFeedDoradoCooldownSix,1696603180
FollowingFeedDoradoCooldownSix,1696669455
FollowingFeedDoradoCooldownSix,1696669456
FollowingFeedDoradoCooldownSix,1696669459
FollowingFeedDoradoCooldownSix,1696669460
FollowingFeedDoradoCooldownSix,1696692625
FollowingFeedDoradoCooldownSix,1696692626
FollowingFeedDoradoCooldownSix,1696757422
FollowingFeedDoradoCooldownSix,1696757423
FollowingFeedDoradoCooldownSix,1696785147
FollowingFeedDoradoCooldownSix,1696785148
FollowingFeedDoradoCooldownSix,1696785185
FollowingFeedDoradoCooldownSix,1696785186
FollowingFeedDoradoCooldownSix,1696858660
FollowingFeedDoradoCooldownSix,1696858663
FollowingFeedDoradoCooldownSix,1696877500
FollowingFeedDoradoCooldownSix,1696877501
FollowingFeedDoradoCooldownSix,1696883046
FollowingFeedDoradoCooldownSix,1696883047
FollowingFeedDoradoCooldownSix,1696958596
FollowingFeedDoradoCooldownSix,1696958597
FollowingFeedDoradoCooldownSix,1696969075
FollowingFeedDoradoCooldownSix,1697010746
FollowingFeedDoradoCooldownSix,1697010759
FollowingFeedDoradoCooldownSix,1697010760
FollowingFeedDoradoCooldownSix,1697052556
FollowingFeedDoradoCooldownSix,1697052563
FollowingFeedDoradoCooldownSix,1697055815
FollowingFeedDoradoCooldownSix,1697100425
FollowingFeedDoradoCooldownSix,1697100426
FollowingFeedDoradoCooldownSix,1697100428
FollowingFeedDoradoCooldownSix,1697148652
FollowingFeedDoradoCooldownSix,1697148653
FollowingFeedDoradoCooldownSix,1697148674
FollowingFeedDoradoCooldownSix,1697188922
FollowingFeedDoradoCooldownSix,1697193805
FollowingFeedDoradoCooldownSix,1697195246
FollowingFeedDoradoCooldownSix,1697235236
FollowingFeedDoradoCooldownSix,1697235239
FollowingFeedDoradoCooldownSix,1697235240
FollowingFeedDoradoCooldownSix,1697283696
FollowingFeedDoradoCooldownSix,1697283698
FollowingFeedDoradoCooldownSix,1697283700
FollowingFeedDoradoCooldownSix,1697359925
FollowingFeedDoradoCooldownSix,1697359926
FollowingFeedDoradoCooldownSix,1697359928
FollowingFeedDoradoCooldownSix,1697390336
FollowingFeedDoradoCooldownSix,1697390337
FollowingFeedDoradoCooldownSix,1697390339
FollowingFeedDoradoCooldownSix,1697464995
FollowingFeedDoradoCooldownSix,1697464996
FollowingFeedDoradoCooldownSix,1697464998
FollowingFeedDoradoCooldownSix,1697476870
FollowingFeedDoradoCooldownSix,1697476871
FollowingFeedDoradoCooldownSix,1697477636
FollowingFeedDoradoCooldownSix,1697561908
FollowingFeedDoradoCooldownSix,1697561910
FollowingFeedDoradoCooldownSix,1697561911
FollowingFeedDoradoCooldownSix,1697564446
FollowingFeedDoradoCooldownSix,1697564447
FollowingFeedDoradoCooldownSix,1697573723
FollowingFeedDoradoCooldownSix,1697696392
FollowingFeedDoradoCooldownSix,1697696393
FollowingFeedDoradoCooldownSix,1697696395
FollowingFeedDoradoCooldownSix,1697696396
FollowingFeedDoradoCooldownSix,1697703347
FollowingFeedDoradoCooldownSix,1697703348
FollowingFeedDoradoCooldownSix,1697787568
FollowingFeedDoradoCooldownSix,1697787569
FollowingFeedDoradoCooldownSix,1697788613
FollowingFeedDoradoCooldownSix,1697788614
FollowingFeedDoradoCooldownSix,1697811515
FollowingFeedDoradoCooldownSix,1697811516
FollowingFeedDoradoCooldownSix,1697898397
FollowingFeedDoradoCooldownSix,1697898398
FollowingFeedDoradoCooldownSix,1697898421
FollowingFeedDoradoCooldownSix,1697898422
FollowingFeedDoradoCooldownSix,1697956219
FollowingFeedDoradoCooldownSix,1697956221
FollowingFeedDoradoCooldownSix,1697991598
FollowingFeedDoradoCooldownSix,1697991599
FollowingFeedDoradoCooldownSix,1698048050
FollowingFeedDoradoCooldownSix,1698048052
FollowingFeedDoradoCooldownSix,1698048053
FollowingFeedDoradoCooldownSix,1698048173
FollowingFeedDoradoCooldownSix,1698080992
FollowingFeedDoradoCooldownSix,1698080993
FollowingFeedDoradoCooldownSix,1698137962
FollowingFeedDoradoCooldownSix,1698137964
FollowingFeedDoradoCooldownSix,1698137965
FollowingFeedDoradoCooldownSix,1698138271
FollowingFeedDoradoCooldownSix,1698182128
FollowingFeedDoradoCooldownSix,1698182129
FollowingFeedDoradoCooldownSix,1698323229
FollowingFeedDoradoCooldownSix,1698337593
FollowingFeedDoradoCooldownSix,1698337594
FollowingFeedDoradoCooldownSix,1698337595
FollowingFeedDoradoCooldownSix,1698357155
FollowingFeedDoradoCooldownSix,1698357156
FollowingFeedDoradoCooldownSix,1698431704
FollowingFeedDoradoCooldownSix,1698473298
FollowingFeedDoradoCooldownSix,1698473299
FollowingFeedDoradoCooldownSix,1698673387
FollowingFeedDoradoCooldownSix,1698673389
FollowingFeedDoradoCooldownSix,1698673447
FollowingFeedDoradoCooldownSix,1698673684
FollowingFeedDoradoCooldownSix,1698673686
FollowingFeedDoradoCooldownSix,1698930901
FollowingFeedDoradoCooldownSix,1698930902
FollowingFeedDoradoCooldownSix,1698931984
FollowingFeedDoradoCooldownSix,1698931985
FollowingFeedDoradoCooldownSix,1698949025
FollowingFeedDoradoCooldownSix,1698949026
FollowingFeedDoradoCooldownSix,1699021157
FollowingFeedDoradoCooldownSix,1699050568
FollowingFeedDoradoCooldownSix,1699204918
FollowingFeedDoradoCooldownSix,1699204919
FollowingFeedDoradoCooldownSix,1699204978
FollowingFeedDoradoCooldownSix,1699204986
FollowingFeedDoradoCooldownSix,1699204987
FollowingFeedDoradoCooldownSix,1699275278
FollowingFeedDoradoCooldownSix,1699299111
FollowingFeedDoradoCooldownSix,1699299113
FollowingFeedDoradoCooldownSix,1699299114
FollowingFeedDoradoCooldownSix,1699299116
FollowingFeedDoradoCooldownSix,1699299117
FollowingFeedDoradoCooldownSix,1699396845
FollowingFeedDoradoCooldownSix,1699482147
FollowingFeedDoradoCooldownSix,1699482196
FollowingFeedDoradoCooldownSix,1699482242
FollowingFeedDoradoCooldownSix,1699541003
FollowingFeedDoradoCooldownSix,1699541004
FollowingFeedDoradoCooldownSix,1699541016
FollowingFeedDoradoCooldownSix,1699652116
FollowingFeedDoradoCooldownSix,1699652117
FollowingFeedDoradoCooldownSix,1699652119
FollowingFeedDoradoCooldownSix,1699652120
FollowingFeedDoradoCooldownSix,1699652135
FollowingFeedDoradoCooldownSix,1699652136
FollowingFeedDoradoCooldownSix,1699781100
FollowingFeedDoradoCooldownSix,1699781101
FollowingFeedDoradoCooldownSix,1699885078
FollowingFeedDoradoCooldownSix,1699885081
FollowingFeedDoradoCooldownSix,1699885082
FollowingFeedDoradoCooldownSix,1699885156
FollowingFeedDoradoCooldownSix,1699911839
FollowingFeedDoradoCooldownSix,1699911840
FollowingFeedDoradoCooldownSix,1700061452
FollowingFeedDoradoCooldownSix,1700061453
FollowingFeedDoradoCooldownSix,1700064959
FollowingFeedDoradoCooldownSix,1700064960
FollowingFeedDoradoCooldownSix,1700064962
FollowingFeedDoradoCooldownSix,1700064963
FollowingFeedDoradoCooldownSix,1700150737
FollowingFeedDoradoCooldownSix,1700176373
FollowingFeedDoradoCooldownSix,1700176374
FollowingFeedDoradoCooldownSix,1700262061
FollowingFeedDoradoCooldownSix,1700262062
FollowingFeedDoradoCooldownSix,1700299686
FollowingFeedDoradoCooldownSix,1700299687
FollowingFeedDoradoCooldownSix,1700299689
FollowingFeedDoradoCooldownSix,1700299690
FollowingFeedDoradoCooldownSix,1700486581
FollowingFeedDoradoCooldownSix,1700486582
FollowingFeedDoradoCooldownSix,1700486583
FollowingFeedDoradoCooldownSix,1700486608
FollowingFeedDoradoCooldownSix,1700486609
FollowingFeedDoradoCooldownSix,1700486644
FollowingFeedDoradoCooldownSix,1700588643
FollowingFeedDoradoCooldownSix,1700588644
FollowingFeedDoradoCooldownSix,1700588766
FollowingFeedDoradoCooldownSix,1700588767
FollowingFeedDoradoCooldownSix,1700588775
FollowingFeedDoradoCooldownSix,1700588776
FollowingFeedDoradoCooldownSix,1700693388
FollowingFeedDoradoCooldownSix,1700775282
FollowingFeedDoradoCooldownSix,1700775283
FollowingFeedDoradoCooldownSix,1700814587
FollowingFeedDoradoCooldownSix,1700814588
FollowingFeedDoradoCooldownSix,1700814591
ActivitySaveWalkthrough,1688756555
ActivitySaveWalkthrough,1688756556
ClubDetailV2FirstVisitModal,1688540600
NewTermsOfService,1688711852
SuggestedRoutesInFeed,1698398086
SuggestedRoutesInFeed,1698398105
SuggestedRoutesInFeed,1698406961
SuggestedRoutesInFeed,1698431704
SuggestedRoutesInFeed,1698473298
YouTabProfileMove,1700588770
SubscriptionFeatureShowcase,1697696423
