Reaction Date,Reaction Type,Parent Type,Parent ID
"Aug 21, 2022, 9:48:59 PM",Kudos,Activity,7674428007
"Aug 25, 2022, 11:55:41 AM",Kudos,Activity,7696412224
"Aug 28, 2022, 11:47:49 AM",Kudos,Activity,7707884471
"Aug 28, 2022, 11:48:11 AM",Kudos,Activity,7690514645
"Aug 30, 2022, 5:46:55 PM",Kudos,Activity,7725545488
"Aug 31, 2022, 8:15:39 AM",Kudos,Activity,7728021325
"Sep 1, 2022, 5:08:44 PM",Kudos,Activity,7734320509
"Sep 1, 2022, 5:08:53 PM",Kudos,Activity,7730240970
"Sep 3, 2022, 9:45:40 PM",Kudos,Activity,7736698694
"Sep 3, 2022, 9:46:15 PM",Kudos,Activity,7740978800
"Sep 4, 2022, 6:32:37 PM",Kudos,Activity,7752642486
"Sep 10, 2022, 6:39:20 PM",Kudos,Activity,7780674346
"Sep 10, 2022, 6:39:36 PM",Kudos,Activity,7780642537
"Sep 11, 2022, 9:56:38 AM",Kudos,Activity,7789451307
"Sep 18, 2022, 12:10:05 PM",Kudos,Activity,7827102524
"Sep 18, 2022, 12:10:29 PM",Kudos,Activity,7825797858
"Sep 19, 2022, 2:45:44 PM",Kudos,Activity,7832159269
"Sep 19, 2022, 2:45:56 PM",Kudos,Activity,7831929361
"Sep 20, 2022, 6:20:38 AM",Kudos,Activity,7827259111
"Sep 22, 2022, 3:07:23 PM",Kudos,Activity,7846564132
"Sep 22, 2022, 3:07:26 PM",Kudos,Activity,7847711335
"Sep 22, 2022, 3:07:33 PM",Kudos,Activity,7845680720
"Sep 22, 2022, 3:07:38 PM",Kudos,Activity,7845086244
"Sep 25, 2022, 5:39:30 PM",Kudos,Activity,7866210477
"Sep 26, 2022, 7:02:59 PM",Kudos,Activity,7870822263
"Sep 27, 2022, 12:48:10 PM",Kudos,Activity,7873235231
"Sep 28, 2022, 6:53:19 PM",Kudos,Activity,7881419001
"Sep 28, 2022, 6:53:20 PM",Kudos,Activity,7881297075
"Sep 30, 2022, 1:02:35 PM",Kudos,Activity,7860876173
"Oct 2, 2022, 5:10:14 PM",Kudos,Activity,7898980332
"Oct 4, 2022, 8:42:11 PM",Kudos,Activity,7905045769
"Oct 6, 2022, 11:43:48 AM",Kudos,Activity,7915912017
"Oct 6, 2022, 11:43:59 AM",Kudos,Activity,7916241171
"Oct 6, 2022, 11:44:03 AM",Kudos,Activity,7918922358
"Oct 9, 2022, 8:42:43 AM",Kudos,Activity,7929054863
"Oct 9, 2022, 1:49:18 PM",Kudos,Activity,7935036521
"Oct 9, 2022, 1:49:29 PM",Kudos,Activity,7935068670
"Oct 9, 2022, 1:49:31 PM",Kudos,Activity,7935097311
"Oct 9, 2022, 1:49:36 PM",Kudos,Activity,7929579513
"Oct 14, 2022, 12:51:27 PM",Kudos,Activity,7957872651
"Oct 14, 2022, 12:51:43 PM",Kudos,Activity,7952204822
"Oct 14, 2022, 12:52:12 PM",Kudos,Activity,7921577260
"Oct 16, 2022, 6:36:03 AM",Kudos,Activity,7962180786
"Oct 16, 2022, 6:36:05 AM",Kudos,Activity,7965054570
"Oct 16, 2022, 6:36:09 AM",Kudos,Activity,7966208258
"Oct 16, 2022, 6:36:10 AM",Kudos,Activity,7966556661
"Oct 16, 2022, 6:36:13 AM",Kudos,Activity,7964790853
"Oct 16, 2022, 6:36:15 AM",Kudos,Activity,7967860375
"Oct 16, 2022, 6:36:18 AM",Kudos,Activity,7967874806
"Oct 16, 2022, 6:36:37 AM",Kudos,Activity,7961050829
"Oct 16, 2022, 3:07:51 PM",Kudos,Activity,7971082812
"Oct 16, 2022, 3:08:06 PM",Kudos,Activity,7970509764
"Oct 16, 2022, 4:52:05 PM",Kudos,Activity,7973491771
"Oct 16, 2022, 4:52:16 PM",Kudos,Activity,7973401313
"Oct 18, 2022, 1:05:24 PM",Kudos,Activity,7978917643
"Oct 18, 2022, 1:05:27 PM",Kudos,Activity,7975892493
"Oct 18, 2022, 6:29:31 PM",Kudos,Activity,7983082726
"Oct 22, 2022, 7:03:34 AM",Kudos,Activity,7998132560
"Oct 22, 2022, 7:03:44 AM",Kudos,Activity,7993698935
"Oct 22, 2022, 7:03:48 AM",Kudos,Activity,7997580699
"Oct 22, 2022, 7:03:59 AM",Kudos,Activity,7988107915
"Oct 23, 2022, 11:20:05 AM",Kudos,Activity,8006566147
"Oct 23, 2022, 11:20:07 AM",Kudos,Activity,8003069506
"Oct 23, 2022, 11:20:10 AM",Kudos,Activity,8005792672
"Oct 23, 2022, 11:20:20 AM",Kudos,Activity,8000451843
"Oct 23, 2022, 11:20:23 AM",Kudos,Activity,8001035390
"Oct 23, 2022, 11:20:25 AM",Kudos,Activity,8001134899
"Oct 24, 2022, 2:04:35 PM",Kudos,Activity,8008273298
"Oct 24, 2022, 2:04:40 PM",Kudos,Activity,8010772919
"Oct 26, 2022, 11:52:28 AM",Kudos,Activity,8020570162
"Oct 26, 2022, 6:48:36 PM",Kudos,Activity,8023270547
"Oct 29, 2022, 11:09:52 AM",Kudos,Activity,8032387731
"Oct 29, 2022, 11:10:10 AM",Kudos,Activity,8031262452
"Oct 29, 2022, 11:10:14 AM",Kudos,Activity,8035917103
"Nov 1, 2022, 4:53:13 PM",Kudos,Activity,8053349199
"Nov 3, 2022, 5:31:05 PM",Kudos,Activity,8063275976
"Nov 6, 2022, 8:55:00 AM",Kudos,Activity,8068805918
"Nov 8, 2022, 4:21:28 PM",Kudos,Activity,8087190438
"Nov 10, 2022, 2:04:30 PM",Kudos,Activity,8093117754
"Nov 13, 2022, 5:19:17 PM",Kudos,Activity,8106246698
"Nov 13, 2022, 5:19:19 PM",Kudos,Activity,8106242467
"Nov 13, 2022, 5:19:48 PM",Kudos,Activity,8112672539
"Nov 13, 2022, 5:20:05 PM",Kudos,Activity,8112451702
"Nov 16, 2022, 7:35:38 PM",Kudos,Activity,8126500448
"Nov 19, 2022, 6:52:45 PM",Kudos,Activity,8138503471
"Nov 23, 2022, 1:38:54 PM",Kudos,Activity,8152975900
"Nov 30, 2022, 5:21:24 PM",Kudos,Activity,8189659093
"Jan 11, 2023, 10:36:03 PM",Kudos,Activity,8374175010
"Jan 13, 2023, 1:11:18 PM",Kudos,Activity,8384819817
"Jan 13, 2023, 4:18:40 PM",Kudos,Activity,8384788882
"Jan 15, 2023, 12:35:57 PM",Kudos,Activity,8395547332
"Jan 15, 2023, 12:39:10 PM",Kudos,Activity,8385846830
"Jan 15, 2023, 12:39:14 PM",Kudos,Activity,8394258726
"Jan 15, 2023, 12:39:35 PM",Kudos,Activity,8395639172
"Jan 15, 2023, 12:39:36 PM",Kudos,Activity,8395109124
"Jan 15, 2023, 12:39:37 PM",Kudos,Activity,8391757106
"Jan 15, 2023, 12:39:41 PM",Kudos,Activity,8386963218
"Jan 15, 2023, 4:13:08 PM",Kudos,Activity,8396418429
"Jan 16, 2023, 12:54:01 PM",Kudos,Activity,8399901617
"Jan 17, 2023, 1:58:20 PM",Kudos,Activity,8406379575
"Jan 18, 2023, 2:41:24 PM",Kudos,Activity,8411700203
"Jan 18, 2023, 2:41:27 PM",Kudos,Activity,8411666900
"Jan 18, 2023, 2:41:30 PM",Kudos,Activity,8411804214
"Jan 18, 2023, 2:41:51 PM",Kudos,Activity,8408271390
"Jan 18, 2023, 2:41:53 PM",Kudos,Activity,8411960947
"Jan 20, 2023, 12:15:48 PM",Kudos,Activity,8421795982
"Jan 20, 2023, 2:19:16 PM",Kudos,Activity,8422436670
"Jan 20, 2023, 8:59:41 PM",Kudos,Activity,8423633513
"Jan 22, 2023, 9:29:55 AM",Kudos,Activity,8426708619
"Jan 22, 2023, 9:30:03 AM",Kudos,Activity,8426485468
"Jan 25, 2023, 9:48:26 AM",Kudos,Activity,8448232351
"Jan 30, 2023, 8:58:44 AM",Kudos,Activity,8471614209
"Jan 30, 2023, 8:59:41 AM",Kudos,Activity,8470843611
"Jan 30, 2023, 8:59:47 AM",Kudos,Activity,8470030791
"Jan 30, 2023, 1:46:51 PM",Kudos,Activity,8476352257
"Feb 1, 2023, 8:33:14 AM",Kudos,Activity,8486075571
"Feb 1, 2023, 8:33:16 AM",Kudos,Activity,8484329426
"Feb 1, 2023, 8:33:45 AM",Kudos,Activity,8483850954
"Feb 1, 2023, 8:33:53 AM",Kudos,Activity,8476561411
"Feb 1, 2023, 5:00:44 PM",Kudos,Activity,8488170955
"Feb 1, 2023, 5:00:57 PM",Kudos,Activity,8488069046
"Feb 1, 2023, 5:01:17 PM",Kudos,Activity,8487342028
"Feb 1, 2023, 5:01:20 PM",Kudos,Activity,8487642624
"Feb 2, 2023, 1:28:17 PM",Kudos,Activity,8491979602
"Feb 3, 2023, 11:45:49 AM",Kudos,Activity,8497551484
"Feb 3, 2023, 11:49:32 AM",Kudos,Activity,8493183708
"Feb 3, 2023, 11:49:34 AM",Kudos,Activity,8492660798
"Feb 3, 2023, 11:49:35 AM",Kudos,Activity,8493163208
"Feb 3, 2023, 11:49:37 AM",Kudos,Activity,8494939243
"Feb 3, 2023, 11:49:38 AM",Kudos,Activity,8497053001
"Feb 4, 2023, 12:35:57 PM",Kudos,Activity,8502619566
"Feb 6, 2023, 10:34:53 AM",Kudos,Activity,8510070507
"Feb 6, 2023, 10:34:54 AM",Kudos,Activity,8510069568
"Feb 6, 2023, 10:34:55 AM",Kudos,Activity,8510071138
"Feb 6, 2023, 10:35:03 AM",Kudos,Activity,8513738576
"Feb 6, 2023, 10:35:19 AM",Kudos,Activity,8502886800
"Feb 7, 2023, 9:46:46 AM",Kudos,Activity,8517161420
"Feb 7, 2023, 3:59:31 PM",Kudos,Activity,8520471149
"Feb 7, 2023, 3:59:36 PM",Kudos,Activity,8519025213
"Feb 8, 2023, 1:40:44 PM",Kudos,Activity,8526151990
"Feb 8, 2023, 4:22:15 PM",Kudos,Activity,8526995681
"Feb 9, 2023, 3:58:08 PM",Kudos,Activity,8532222535
"Feb 10, 2023, 7:38:55 AM",Kudos,Activity,8533305631
"Feb 10, 2023, 4:29:20 PM",Kudos,Activity,8537307059
"Feb 10, 2023, 10:35:28 PM",Kudos,Activity,8538192302
"Feb 12, 2023, 12:46:46 PM",Kudos,Activity,8547747226
"Feb 12, 2023, 4:30:37 PM",Kudos,Activity,8547358349
"Feb 13, 2023, 1:12:47 PM",Kudos,Activity,8553795728
"Feb 13, 2023, 1:12:55 PM",Kudos,Activity,8552732639
"Feb 13, 2023, 1:12:57 PM",Kudos,Activity,8552790516
"Feb 13, 2023, 6:28:15 PM",Kudos,Activity,8555033730
"Feb 14, 2023, 5:58:08 PM",Kudos,Activity,8560859210
"Feb 15, 2023, 4:40:10 PM",Kudos,Activity,8564908418
"Feb 16, 2023, 3:17:34 PM",Kudos,Activity,8570838756
"Feb 16, 2023, 3:17:47 PM",Kudos,Activity,8569333823
"Feb 16, 2023, 3:17:54 PM",Kudos,Activity,8566882921
"Feb 16, 2023, 8:56:34 PM",Kudos,Activity,8572186046
"Feb 16, 2023, 8:56:43 PM",Kudos,Activity,8571957194
"Feb 17, 2023, 10:17:43 AM",Kudos,Activity,8573137820
"Feb 17, 2023, 10:17:43 AM",Kudos,Activity,8574528720
"Feb 18, 2023, 1:16:52 PM",Kudos,Activity,8580737049
"Feb 18, 2023, 1:16:56 PM",Kudos,Activity,8572830140
"Feb 18, 2023, 1:16:56 PM",Kudos,Activity,8580354907
"Feb 18, 2023, 1:16:59 PM",Kudos,Activity,8581080320
"Feb 18, 2023, 1:17:01 PM",Kudos,Activity,8579739671
"Feb 18, 2023, 4:12:27 PM",Kudos,Activity,8582243166
"Feb 18, 2023, 6:19:48 PM",Kudos,Activity,8582515027
"Feb 18, 2023, 7:30:18 PM",Kudos,Activity,8583190524
"Feb 19, 2023, 7:36:32 PM",Kudos,Activity,8587296790
"Feb 19, 2023, 7:38:38 PM",Kudos,Activity,8586482585
"Feb 20, 2023, 3:00:39 PM",Kudos,Activity,8592633440
"Feb 21, 2023, 6:14:15 PM",Kudos,Activity,8598221735
"Feb 21, 2023, 10:28:01 PM",Kudos,Activity,8600826355
"Feb 22, 2023, 5:54:41 PM",Kudos,Activity,8605105393
"Feb 24, 2023, 12:49:44 PM",Kudos,Activity,8614093785
"Feb 25, 2023, 3:26:50 PM",Kudos,Activity,8618825398
"Feb 25, 2023, 8:20:17 PM",Kudos,Activity,8618716371
"Feb 26, 2023, 10:13:54 AM",Kudos,Activity,8623703313
"Feb 26, 2023, 3:30:13 PM",Kudos,Activity,8624807471
"Feb 26, 2023, 3:30:14 PM",Kudos,Activity,8624911520
"Feb 27, 2023, 11:34:42 AM",Kudos,Activity,8629439984
"Feb 27, 2023, 10:00:17 PM",Kudos,Activity,8632875727
"Feb 27, 2023, 10:00:24 PM",Kudos,Activity,8631598696
"Feb 28, 2023, 10:27:55 AM",Kudos,Activity,8634540556
"Feb 28, 2023, 1:57:57 PM",Kudos,Activity,8632103382
"Feb 28, 2023, 1:58:07 PM",Kudos,Activity,8627302011
"Feb 28, 2023, 1:58:21 PM",Kudos,Activity,8615463431
"Feb 28, 2023, 1:58:34 PM",Kudos,Activity,8605569430
"Feb 28, 2023, 1:59:30 PM",Kudos,Activity,8635992759
"Feb 28, 2023, 1:59:40 PM",Kudos,Activity,8635714032
"Feb 28, 2023, 5:25:09 PM",Kudos,Activity,8637047531
"Feb 28, 2023, 6:55:45 PM",Kudos,Post,23507440
"Feb 28, 2023, 7:52:47 PM",Kudos,Activity,8637833143
"Feb 28, 2023, 7:52:50 PM",Kudos,Activity,8637812379
"Feb 28, 2023, 7:53:09 PM",Kudos,Activity,8637768718
"Feb 28, 2023, 7:53:15 PM",Kudos,Activity,8637508279
"Feb 28, 2023, 7:59:38 PM",Kudos,Activity,8631432734
"Mar 1, 2023, 8:05:54 AM",Kudos,Activity,8640367317
"Mar 1, 2023, 8:06:00 AM",Kudos,Activity,8640176681
"Mar 1, 2023, 11:12:21 AM",Kudos,Activity,8625818841
"Mar 1, 2023, 1:47:09 PM",Kudos,Activity,8641711819
"Mar 1, 2023, 1:47:17 PM",Kudos,Activity,8641718562
"Mar 1, 2023, 2:25:46 PM",Kudos,Activity,8641900173
"Mar 1, 2023, 2:26:03 PM",Kudos,Activity,8640389781
"Mar 2, 2023, 12:10:01 AM",Kudos,Activity,8643125863
"Mar 2, 2023, 12:10:08 AM",Kudos,Activity,8644215857
"Mar 2, 2023, 12:10:14 AM",Kudos,Activity,8644693973
"Mar 2, 2023, 12:10:21 AM",Kudos,Activity,8644161298
"Mar 2, 2023, 12:10:22 AM",Kudos,Activity,8642746075
"Mar 2, 2023, 12:10:24 AM",Kudos,Activity,8644317626
"Mar 2, 2023, 8:33:13 AM",Kudos,Activity,8645937833
"Mar 2, 2023, 9:00:13 AM",Kudos,Activity,8646029523
"Mar 2, 2023, 12:32:19 PM",Kudos,Activity,8646498350
"Mar 2, 2023, 3:17:55 PM",Kudos,Activity,8647253902
"Mar 2, 2023, 3:17:57 PM",Kudos,Activity,8647714138
"Mar 2, 2023, 6:14:20 PM",Kudos,Activity,8648546398
"Mar 2, 2023, 10:40:16 PM",Kudos,Activity,8648856286
"Mar 2, 2023, 10:40:20 PM",Kudos,Activity,8649295411
"Mar 3, 2023, 9:48:29 AM",Kudos,Activity,8651392706
"Mar 3, 2023, 12:30:47 PM",Kudos,Activity,8652233505
"Mar 3, 2023, 12:30:48 PM",Kudos,Activity,8652227266
"Mar 3, 2023, 2:07:07 PM",Kudos,Activity,8652325182
"Mar 3, 2023, 2:57:34 PM",Kudos,Activity,8652825381
"Mar 4, 2023, 8:15:46 AM",Kudos,Activity,8654104323
"Mar 4, 2023, 8:15:53 AM",Kudos,Activity,8654224896
"Mar 4, 2023, 8:16:02 AM",Kudos,Activity,8654210249
"Mar 4, 2023, 8:16:11 AM",Kudos,Activity,8654659667
"Mar 4, 2023, 10:47:37 AM",Kudos,Activity,8656712698
"Mar 4, 2023, 5:09:02 PM",Kudos,Activity,8658667917
"Mar 4, 2023, 5:09:08 PM",Kudos,Activity,8658580497
"Mar 4, 2023, 5:10:47 PM",Kudos,Activity,8627055239
"Mar 4, 2023, 5:10:52 PM",Kudos,Activity,8658130473
"Mar 5, 2023, 3:08:04 PM",Kudos,Activity,8663828057
"Mar 5, 2023, 3:28:44 PM",Kudos,Activity,8663932491
"Mar 5, 2023, 8:19:23 PM",Kudos,Activity,8666536371
"Mar 5, 2023, 8:19:30 PM",Kudos,Activity,8666499828
"Mar 5, 2023, 8:19:41 PM",Kudos,Activity,8665763928
"Mar 5, 2023, 8:20:12 PM",Kudos,Activity,8663617839
"Mar 5, 2023, 8:20:35 PM",Kudos,Activity,8663553274
"Mar 5, 2023, 8:20:56 PM",Kudos,Activity,8664864886
"Mar 6, 2023, 4:20:14 PM",Kudos,Activity,8669640736
"Mar 6, 2023, 4:20:17 PM",Kudos,Activity,8668334676
"Mar 6, 2023, 4:20:20 PM",Kudos,Activity,8669562147
"Mar 6, 2023, 7:56:18 PM",Kudos,Activity,8670993488
"Mar 6, 2023, 10:24:51 PM",Kudos,Activity,8671784748
"Mar 6, 2023, 10:24:52 PM",Kudos,Activity,8671864270
"Mar 7, 2023, 11:47:32 AM",Kudos,Activity,8674315121
"Mar 7, 2023, 2:22:27 PM",Kudos,Activity,8675098978
"Mar 7, 2023, 2:22:28 PM",Kudos,Activity,8675062761
"Mar 7, 2023, 2:22:37 PM",Kudos,Activity,8673880936
"Mar 7, 2023, 2:45:35 PM",Kudos,Activity,8675333258
"Mar 7, 2023, 3:46:47 PM",Kudos,Post,23573331
"Mar 8, 2023, 4:42:26 PM",Kudos,Activity,8681382723
"Mar 8, 2023, 4:42:28 PM",Kudos,Activity,8680561161
"Mar 8, 2023, 5:41:25 PM",Kudos,Activity,8677072199
"Mar 8, 2023, 5:41:26 PM",Kudos,Activity,8676856282
"Mar 8, 2023, 5:41:27 PM",Kudos,Activity,8677222861
"Mar 8, 2023, 5:41:28 PM",Kudos,Activity,8676872049
"Mar 8, 2023, 10:12:50 PM",Kudos,Activity,8682106150
"Mar 8, 2023, 10:12:58 PM",Kudos,Activity,8682465324
"Mar 8, 2023, 10:13:01 PM",Kudos,Activity,8682071154
"Mar 8, 2023, 10:13:03 PM",Kudos,Activity,8682907726
"Mar 10, 2023, 9:26:31 AM",Kudos,Activity,8686900099
"Mar 10, 2023, 9:26:31 AM",Kudos,Activity,8684676890
"Mar 10, 2023, 9:26:33 AM",Kudos,Activity,8684672727
"Mar 11, 2023, 11:35:31 AM",Kudos,Activity,8695424324
"Mar 11, 2023, 11:42:17 AM",Kudos,Activity,8695442361
"Mar 11, 2023, 3:57:12 PM",Kudos,Activity,8696962882
"Mar 12, 2023, 8:48:44 AM",Kudos,Activity,8695611696
"Mar 12, 2023, 6:53:06 PM",Kudos,Activity,8703813459
"Mar 12, 2023, 6:53:28 PM",Kudos,Activity,8700648787
"Mar 13, 2023, 7:28:58 PM",Kudos,Activity,8708301201
"Mar 13, 2023, 7:28:58 PM",Kudos,Activity,8708923836
"Mar 13, 2023, 7:29:02 PM",Kudos,Activity,8708198250
"Mar 13, 2023, 7:29:06 PM",Kudos,Activity,8706188285
"Mar 13, 2023, 7:29:07 PM",Kudos,Activity,8707388506
"Mar 14, 2023, 5:54:46 PM",Kudos,Activity,8713083815
"Mar 16, 2023, 12:06:37 AM",Kudos,Activity,8720486033
"Mar 16, 2023, 12:06:39 AM",Kudos,Activity,8720808979
"Mar 16, 2023, 12:06:41 AM",Kudos,Activity,8719688646
"Mar 16, 2023, 12:06:42 AM",Kudos,Activity,8718870577
"Mar 16, 2023, 3:51:54 PM",Kudos,Activity,8724115769
"Mar 17, 2023, 8:13:49 AM",Kudos,Activity,8725749032
"Mar 17, 2023, 8:13:56 AM",Kudos,Activity,8726610584
"Mar 17, 2023, 8:14:01 AM",Kudos,Activity,8724491709
"Mar 19, 2023, 7:09:15 PM",Kudos,Activity,8741523371
"Mar 19, 2023, 7:09:17 PM",Kudos,Activity,8740827014
"Mar 19, 2023, 7:09:21 PM",Kudos,Activity,8742553151
"Mar 19, 2023, 7:09:22 PM",Kudos,Activity,8742558021
"Mar 20, 2023, 6:07:57 PM",Kudos,Activity,8747531145
"Mar 20, 2023, 6:08:06 PM",Kudos,Activity,8745296391
"Mar 20, 2023, 6:08:07 PM",Kudos,Activity,8743672943
"Mar 20, 2023, 8:09:13 PM",Kudos,Activity,8748408123
"Mar 20, 2023, 8:09:15 PM",Kudos,Activity,8748439983
"Mar 20, 2023, 8:09:16 PM",Kudos,Activity,8739933418
"Mar 22, 2023, 10:00:30 AM",Kudos,Activity,8756542447
"Mar 22, 2023, 10:00:31 AM",Kudos,Activity,8756843836
"Mar 22, 2023, 10:00:33 AM",Kudos,Activity,8754732380
"Mar 22, 2023, 10:00:34 AM",Kudos,Activity,8750698088
"Mar 22, 2023, 10:00:36 AM",Kudos,Activity,8754111560
"Mar 22, 2023, 10:00:37 AM",Kudos,Activity,8753535531
"Mar 22, 2023, 10:00:39 AM",Kudos,Activity,8754116022
"Mar 22, 2023, 10:00:40 AM",Kudos,Activity,8751502279
"Mar 22, 2023, 10:00:41 AM",Kudos,Activity,8751846613
"Mar 22, 2023, 10:00:42 AM",Kudos,Activity,8752183697
"Mar 22, 2023, 10:00:44 AM",Kudos,Activity,8748926103
"Mar 22, 2023, 6:00:03 PM",Kudos,Activity,8758978006
"Mar 23, 2023, 8:12:39 AM",Kudos,Activity,8761089505
"Mar 23, 2023, 8:12:41 AM",Kudos,Activity,8760715820
"Mar 23, 2023, 12:32:58 PM",Kudos,Activity,8763411961
"Mar 23, 2023, 8:50:18 PM",Kudos,Activity,8765887100
"Mar 23, 2023, 8:50:20 PM",Kudos,Activity,8763826997
"Mar 23, 2023, 8:50:23 PM",Kudos,Activity,8765425053
"Mar 23, 2023, 8:50:25 PM",Kudos,Activity,8765185559
"Mar 23, 2023, 8:50:25 PM",Kudos,Activity,8765413764
"Mar 24, 2023, 10:42:03 AM",Kudos,Activity,8767958421
"Mar 24, 2023, 12:48:21 PM",Kudos,Activity,8768525632
"Mar 24, 2023, 5:40:39 PM",Kudos,Activity,8770220907
"Mar 25, 2023, 10:50:38 AM",Kudos,Activity,8772983902
"Mar 25, 2023, 10:50:39 AM",Kudos,Activity,8770591381
"Mar 25, 2023, 10:50:50 AM",Kudos,Activity,8773046074
"Mar 25, 2023, 1:05:46 PM",Kudos,Activity,8773571912
"Mar 25, 2023, 3:17:20 PM",Kudos,Activity,8774851133
"Mar 25, 2023, 3:49:39 PM",Kudos,Activity,8775276696
"Mar 25, 2023, 3:49:43 PM",Kudos,Activity,8774536905
"Mar 25, 2023, 3:49:45 PM",Kudos,Activity,8774746871
"Mar 25, 2023, 10:34:28 PM",Kudos,Activity,8776491810
"Mar 25, 2023, 10:34:30 PM",Kudos,Activity,8775881765
"Mar 26, 2023, 7:47:56 PM",Kudos,Activity,8782109193
"Mar 26, 2023, 7:48:07 PM",Kudos,Activity,8781320104
"Mar 27, 2023, 1:22:08 PM",Kudos,Activity,8785586850
"Mar 27, 2023, 1:22:10 PM",Kudos,Activity,8785695382
"Mar 27, 2023, 7:05:09 PM",Kudos,Activity,8786755178
"Mar 28, 2023, 8:41:31 AM",Kudos,Activity,8790052416
"Mar 28, 2023, 8:42:01 AM",Kudos,Activity,8787747579
"Mar 28, 2023, 8:42:11 AM",Kudos,Activity,8787003577
"Mar 28, 2023, 8:42:16 AM",Kudos,Activity,8787315079
"Mar 28, 2023, 8:42:24 AM",Kudos,Activity,8786651108
"Mar 28, 2023, 8:42:24 AM",Kudos,Activity,8786924862
"Mar 28, 2023, 4:06:01 PM",Kudos,Activity,8791749787
"Mar 29, 2023, 7:13:06 AM",Kudos,Activity,8792612361
"Mar 29, 2023, 7:13:18 AM",Kudos,Activity,8794239803
"Mar 29, 2023, 7:13:24 AM",Kudos,Activity,8795640137
"Mar 29, 2023, 7:13:27 AM",Kudos,Activity,8793180461
"Mar 29, 2023, 7:13:28 AM",Kudos,Activity,8794949071
"Mar 29, 2023, 7:13:30 AM",Kudos,Activity,8792486629
"Mar 29, 2023, 7:13:32 AM",Kudos,Activity,8792645204
"Mar 29, 2023, 7:13:32 AM",Kudos,Activity,8792701586
"Mar 29, 2023, 11:43:20 AM",Kudos,Activity,8795773070
"Mar 29, 2023, 5:03:34 PM",Kudos,Activity,8797673508
"Mar 29, 2023, 5:03:35 PM",Kudos,Activity,8797463979
"Mar 29, 2023, 5:59:50 PM",Kudos,Activity,8798462158
"Mar 29, 2023, 8:43:36 PM",Kudos,Activity,8799338499
"Mar 29, 2023, 8:43:50 PM",Kudos,Activity,8799356121
"Mar 29, 2023, 8:43:58 PM",Kudos,Activity,8799381943
"Mar 29, 2023, 8:43:59 PM",Kudos,Activity,8799358842
"Mar 29, 2023, 8:44:02 PM",Kudos,Activity,8799379104
"Mar 29, 2023, 8:44:03 PM",Kudos,Activity,8799373428
"Mar 30, 2023, 7:24:13 AM",Kudos,Activity,8801215801
"Mar 30, 2023, 7:24:14 AM",Kudos,Activity,8796290148
"Mar 30, 2023, 2:09:51 PM",Kudos,Activity,8802867773
"Mar 30, 2023, 2:09:51 PM",Kudos,Activity,8802958875
"Mar 30, 2023, 2:09:54 PM",Kudos,Activity,8801453639
"Mar 30, 2023, 3:45:42 PM",Kudos,Activity,8803131073
"Mar 30, 2023, 3:45:43 PM",Kudos,Activity,8803126844
"Mar 30, 2023, 8:27:30 PM",Kudos,Activity,8803842799
"Mar 30, 2023, 8:27:32 PM",Kudos,Activity,8803913881
"Mar 30, 2023, 8:27:36 PM",Kudos,Activity,8804198651
"Mar 31, 2023, 2:51:23 PM",Kudos,Activity,8808386536
"Mar 31, 2023, 2:51:24 PM",Kudos,Activity,8808334191
"Mar 31, 2023, 3:28:40 PM",Kudos,Activity,8808399679
"Mar 31, 2023, 5:06:56 PM",Kudos,Activity,8808872035
"Mar 31, 2023, 5:06:59 PM",Kudos,Activity,8808874697
"Apr 1, 2023, 10:22:07 AM",Kudos,Activity,8811566222
"Apr 1, 2023, 10:22:12 AM",Kudos,Activity,8811471053
"Apr 1, 2023, 10:22:15 AM",Kudos,Activity,8812051441
"Apr 1, 2023, 10:22:17 AM",Kudos,Activity,8810173798
"Apr 1, 2023, 10:22:23 AM",Kudos,Activity,8809746731
"Apr 1, 2023, 5:05:48 PM",Kudos,Activity,8813259136
"Apr 1, 2023, 5:05:51 PM",Kudos,Activity,8813244452
"Apr 1, 2023, 5:05:55 PM",Kudos,Activity,8813133317
"Apr 1, 2023, 10:50:18 PM",Kudos,Activity,8815264652
"Apr 1, 2023, 10:50:29 PM",Kudos,Activity,8814680973
"Apr 2, 2023, 8:35:05 AM",Kudos,Activity,8816750873
"Apr 2, 2023, 8:35:14 AM",Kudos,Activity,8816108900
"Apr 2, 2023, 2:24:44 PM",Kudos,Activity,8818645001
"Apr 2, 2023, 2:24:54 PM",Kudos,Activity,8819270348
"Apr 2, 2023, 2:24:56 PM",Kudos,Activity,8817382210
"Apr 2, 2023, 2:52:28 PM",Kudos,Activity,8819795116
"Apr 2, 2023, 2:52:39 PM",Kudos,Activity,8819888974
"Apr 2, 2023, 2:52:44 PM",Kudos,Activity,8819913737
"Apr 2, 2023, 3:28:13 PM",Kudos,Activity,8820027870
"Apr 2, 2023, 5:58:15 PM",Kudos,Activity,8820626626
"Apr 3, 2023, 6:45:25 AM",Kudos,Activity,8821546810
"Apr 3, 2023, 7:55:02 PM",Kudos,Activity,8825440595
"Apr 4, 2023, 9:47:01 AM",Kudos,Activity,8828827769
"Apr 4, 2023, 9:47:02 AM",Kudos,Activity,8829012345
"Apr 4, 2023, 9:47:03 AM",Kudos,Activity,8827088595
"Apr 4, 2023, 5:22:42 PM",Kudos,Activity,8831158340
"Apr 4, 2023, 5:25:17 PM",Kudos,Activity,8830647784
"Apr 5, 2023, 7:21:49 AM",Kudos,Activity,8832676484
"Apr 5, 2023, 7:21:50 AM",Kudos,Activity,8832945407
"Apr 5, 2023, 7:21:52 AM",Kudos,Activity,8832446883
"Apr 5, 2023, 12:40:37 PM",Kudos,Activity,8836324088
"Apr 5, 2023, 4:43:09 PM",Kudos,Activity,8837181868
"Apr 5, 2023, 4:43:13 PM",Kudos,Activity,8837365547
"Apr 6, 2023, 8:57:11 AM",Kudos,Activity,8840699205
"Apr 6, 2023, 8:57:13 AM",Kudos,Activity,8840843810
"Apr 6, 2023, 8:57:15 AM",Kudos,Activity,8840621287
"Apr 6, 2023, 8:57:16 AM",Kudos,Activity,8839068984
"Apr 6, 2023, 1:26:06 PM",Kudos,Activity,8841952055
"Apr 6, 2023, 1:26:07 PM",Kudos,Activity,8842165343
"Apr 6, 2023, 3:16:27 PM",Kudos,Activity,8842816286
"Apr 6, 2023, 3:16:29 PM",Kudos,Activity,8842819270
"Apr 7, 2023, 12:04:42 PM",Kudos,Activity,8847308332
"Apr 7, 2023, 12:04:46 PM",Kudos,Activity,8846439704
"Apr 7, 2023, 12:04:54 PM",Kudos,Activity,8847158053
"Apr 7, 2023, 12:05:27 PM",Kudos,Activity,8847279303
"Apr 7, 2023, 12:05:29 PM",Kudos,Activity,8847364047
"Apr 7, 2023, 4:25:12 PM",Kudos,Activity,8847989411
"Apr 7, 2023, 4:26:00 PM",Kudos,Activity,8848741854
"Apr 7, 2023, 4:26:03 PM",Kudos,Activity,8848855135
"Apr 8, 2023, 7:02:10 AM",Kudos,Activity,8849493159
"Apr 8, 2023, 2:28:54 PM",Kudos,Activity,8851914234
"Apr 8, 2023, 6:50:02 PM",Kudos,Activity,8855095030
"Apr 8, 2023, 6:50:17 PM",Kudos,Activity,8853880237
"Apr 8, 2023, 6:50:19 PM",Kudos,Activity,8852165062
"Apr 8, 2023, 6:50:22 PM",Kudos,Activity,8853781489
"Apr 8, 2023, 9:30:41 PM",Kudos,Activity,8856031269
"Apr 9, 2023, 8:17:16 AM",Kudos,Activity,8857996308
"Apr 9, 2023, 11:23:30 AM",Kudos,Activity,8859253199
"Apr 9, 2023, 11:26:12 AM",Kudos,Activity,8858412371
"Apr 9, 2023, 11:26:18 AM",Kudos,Activity,8858313582
"Apr 9, 2023, 3:51:10 PM",Kudos,Activity,8859514383
"Apr 9, 2023, 3:51:22 PM",Kudos,Activity,8859662545
"Apr 9, 2023, 6:14:49 PM",Kudos,Activity,8861454526
"Apr 9, 2023, 10:37:08 PM",Kudos,Activity,8862260488
"Apr 10, 2023, 10:29:57 AM",Kudos,Activity,8864225921
"Apr 10, 2023, 10:30:05 AM",Kudos,Activity,8864264023
"Apr 10, 2023, 1:49:45 PM",Kudos,Activity,8865798344
"Apr 11, 2023, 7:00:09 AM",Kudos,Activity,8869036050
"Apr 11, 2023, 7:00:53 AM",Kudos,Activity,8868614936
"Apr 11, 2023, 8:58:22 PM",Kudos,Activity,8873008428
"Apr 12, 2023, 10:58:02 AM",Kudos,Activity,8876938596
"Apr 12, 2023, 1:17:37 PM",Kudos,Activity,8877549184
"Apr 12, 2023, 1:18:22 PM",Kudos,Activity,8877482835
"Apr 13, 2023, 7:17:27 AM",Kudos,Activity,8881893445
"Apr 13, 2023, 7:17:31 AM",Kudos,Activity,8879977566
"Apr 13, 2023, 2:41:48 PM",Kudos,Activity,8882357428
"Apr 13, 2023, 9:25:38 PM",Kudos,Activity,8885259368
"Apr 14, 2023, 10:59:14 AM",Kudos,Activity,8887848520
"Apr 14, 2023, 10:59:15 AM",Kudos,Activity,8887839818
"Apr 14, 2023, 7:39:43 PM",Kudos,Activity,8890477037
"Apr 14, 2023, 7:40:12 PM",Kudos,Activity,8890230941
"Apr 16, 2023, 8:11:23 AM",Kudos,Activity,8896588205
"Apr 16, 2023, 8:11:48 AM",Kudos,Activity,8895145139
"Apr 16, 2023, 1:04:07 PM",Kudos,Activity,8900626181
"Apr 16, 2023, 1:56:49 PM",Kudos,Activity,8901072864
"Apr 16, 2023, 6:44:02 PM",Kudos,Activity,8903140904
"Apr 17, 2023, 4:54:36 PM",Kudos,Activity,8907168737
"Apr 17, 2023, 9:29:13 PM",Kudos,Activity,8908534015
"Apr 18, 2023, 7:02:58 AM",Kudos,Activity,8824501281
"Apr 18, 2023, 11:39:13 AM",Kudos,Activity,8911454893
"Apr 18, 2023, 11:39:35 AM",Kudos,Activity,8910945114
"Apr 18, 2023, 3:05:55 PM",Kudos,Activity,8912210331
"Apr 18, 2023, 9:03:39 PM",Kudos,Activity,8914583703
"Apr 18, 2023, 9:03:58 PM",Kudos,Activity,8914499125
"Apr 19, 2023, 7:44:58 AM",Kudos,Activity,8915359190
"Apr 19, 2023, 7:45:04 AM",Kudos,Activity,8917015349
"Apr 19, 2023, 7:45:10 AM",Kudos,Activity,8914577514
"Apr 19, 2023, 12:01:09 PM",Kudos,Activity,8918201051
"Apr 19, 2023, 10:12:40 PM",Kudos,Activity,8918895084
"Apr 20, 2023, 10:01:58 AM",Kudos,Activity,8923236088
"Apr 21, 2023, 5:23:34 PM",Kudos,Activity,8931185718
"Apr 21, 2023, 5:23:37 PM",Kudos,Activity,8930981954
"Apr 21, 2023, 5:23:38 PM",Kudos,Activity,8931554988
"Apr 22, 2023, 8:51:07 AM",Kudos,Activity,8934524268
"Apr 22, 2023, 11:32:07 AM",Kudos,Activity,8935491591
"Apr 22, 2023, 2:21:44 PM",Kudos,Activity,8936187832
"Apr 22, 2023, 2:43:37 PM",Kudos,Activity,8936898599
"Apr 24, 2023, 7:38:46 AM",Kudos,Activity,8945889915
"Apr 24, 2023, 7:38:48 AM",Kudos,Activity,8946820242
"Apr 24, 2023, 11:14:33 AM",Kudos,Activity,8946824326
"Apr 25, 2023, 9:12:27 AM",Kudos,Activity,8952328133
"Apr 25, 2023, 9:12:29 AM",Kudos,Activity,8952461809
"Apr 25, 2023, 9:12:30 AM",Kudos,Activity,8950514696
"Apr 26, 2023, 6:42:50 AM",Kudos,Activity,8956949962
"Apr 26, 2023, 2:49:01 PM",Kudos,Activity,8960356374
"Apr 27, 2023, 9:03:56 AM",Kudos,Activity,8964472401
"Apr 27, 2023, 11:23:46 AM",Kudos,Activity,8965088481
"Apr 28, 2023, 11:57:32 AM",Kudos,Activity,8971166105
"Apr 28, 2023, 1:41:38 PM",Kudos,Activity,8971743961
"Apr 29, 2023, 12:24:37 PM",Kudos,Activity,8976016062
"Apr 29, 2023, 12:24:47 PM",Kudos,Activity,8975926573
"Apr 30, 2023, 10:24:44 AM",Kudos,Activity,8982512996
"Apr 30, 2023, 10:24:45 AM",Kudos,Activity,8982202061
"Apr 30, 2023, 11:08:58 PM",Kudos,Activity,8983227318
"Apr 30, 2023, 11:09:01 PM",Kudos,Activity,8983224549
"Apr 30, 2023, 11:09:16 PM",Kudos,Activity,8984296620
"May 3, 2023, 10:54:32 AM",Kudos,Activity,9001232489
"May 3, 2023, 10:54:34 AM",Kudos,Activity,9000851387
"May 3, 2023, 3:49:15 PM",Kudos,Activity,9002548755
"May 4, 2023, 7:37:47 AM",Kudos,Activity,9007251632
"May 4, 2023, 9:45:07 AM",Kudos,Activity,9007818781
"May 5, 2023, 4:00:40 AM",Kudos,Activity,9009242113
"May 5, 2023, 4:00:53 AM",Kudos,Activity,9012131550
"May 5, 2023, 5:27:53 PM",Kudos,Activity,9014808113
"May 7, 2023, 9:35:22 AM",Kudos,Activity,9025550002
"May 7, 2023, 11:14:51 AM",Kudos,Activity,9026143454
"May 7, 2023, 11:14:53 AM",Kudos,Activity,9023152559
"May 7, 2023, 11:14:55 AM",Kudos,Activity,9022972494
"May 7, 2023, 11:14:56 AM",Kudos,Activity,9022576066
"May 7, 2023, 11:14:59 AM",Kudos,Activity,9018931526
"May 7, 2023, 11:15:00 AM",Kudos,Activity,9019463084
"May 7, 2023, 4:34:25 PM",Kudos,Activity,9027964398
"May 7, 2023, 4:34:32 PM",Kudos,Activity,9028216451
"May 8, 2023, 7:01:46 AM",Kudos,Activity,9031718676
"May 8, 2023, 12:33:11 PM",Kudos,Activity,9031853419
"May 8, 2023, 12:33:13 PM",Kudos,Activity,9032258012
"May 9, 2023, 5:17:28 AM",Kudos,Activity,9034250244
"May 9, 2023, 5:17:56 AM",Kudos,Activity,9034260948
"May 9, 2023, 2:59:53 PM",Kudos,Activity,9038930188
"May 11, 2023, 5:17:31 AM",Kudos,Activity,9045443785
"May 11, 2023, 5:17:39 AM",Kudos,Activity,9048108221
"May 11, 2023, 5:18:11 AM",Kudos,Activity,9047323661
"May 11, 2023, 5:18:14 AM",Kudos,Activity,9044104818
"May 12, 2023, 9:37:46 AM",Kudos,Activity,9056164660
"May 12, 2023, 9:37:52 AM",Kudos,Activity,9053546540
"May 12, 2023, 1:13:36 PM",Kudos,Activity,9056685140
"May 12, 2023, 1:13:38 PM",Kudos,Activity,9056047937
"May 13, 2023, 7:58:10 AM",Kudos,Activity,9061371374
"May 13, 2023, 2:22:24 PM",Kudos,Activity,9062971095
"May 13, 2023, 2:22:56 PM",Kudos,Activity,9062607684
"May 13, 2023, 2:23:00 PM",Kudos,Activity,9061674256
"May 13, 2023, 2:23:02 PM",Kudos,Activity,9062137926
"May 14, 2023, 11:52:47 AM",Kudos,Activity,9069337982
"May 14, 2023, 11:53:00 AM",Kudos,Activity,9068058812
"May 14, 2023, 11:53:04 AM",Kudos,Activity,9068831501
"May 15, 2023, 4:59:05 AM",Kudos,Activity,9070383931
"May 15, 2023, 4:59:20 AM",Kudos,Activity,9068732714
"May 15, 2023, 5:00:55 AM",Kudos,Activity,9071248832
"May 15, 2023, 3:19:48 PM",Kudos,Activity,9073990045
"May 16, 2023, 9:03:56 AM",Kudos,Activity,9079759290
"May 16, 2023, 9:03:59 AM",Kudos,Activity,9077038055
"May 16, 2023, 9:04:05 AM",Kudos,Activity,9076566395
"May 17, 2023, 6:49:18 AM",Kudos,Activity,9086097332
"May 17, 2023, 6:49:21 AM",Kudos,Activity,9083443480
"May 17, 2023, 7:30:20 AM",Kudos,Activity,9086237998
"May 17, 2023, 11:44:19 AM",Kudos,Activity,9086851597
"May 17, 2023, 9:40:31 PM",Kudos,Activity,9089724286
"May 17, 2023, 9:40:33 PM",Kudos,Activity,9089394133
"May 18, 2023, 10:17:58 AM",Kudos,Activity,9092634956
"May 18, 2023, 8:26:56 PM",Kudos,Activity,9096021549
"May 18, 2023, 8:27:03 PM",Kudos,Activity,9096037981
"May 18, 2023, 8:27:06 PM",Kudos,Activity,9095405989
"May 19, 2023, 6:47:36 AM",Kudos,Activity,9096923459
"May 19, 2023, 2:01:38 PM",Kudos,Activity,9099677587
"May 19, 2023, 5:35:32 PM",Kudos,Activity,9101224645
"May 19, 2023, 7:28:33 PM",Kudos,Activity,9101632531
"May 20, 2023, 5:30:20 AM",Kudos,Activity,9103672634
"May 20, 2023, 5:30:26 AM",Kudos,Activity,9101973912
"May 20, 2023, 1:24:02 PM",Kudos,Activity,9105810557
"May 20, 2023, 1:24:19 PM",Kudos,Activity,9105499587
"May 20, 2023, 1:24:25 PM",Kudos,Activity,9104314515
"May 20, 2023, 1:24:27 PM",Kudos,Activity,9104516374
"May 20, 2023, 1:24:31 PM",Kudos,Activity,9011531216
"May 20, 2023, 7:23:55 PM",Kudos,Activity,9107681959
"May 20, 2023, 7:24:01 PM",Kudos,Activity,9108392846
"May 20, 2023, 10:09:54 PM",Kudos,Activity,9108697976
"May 21, 2023, 11:08:13 AM",Kudos,Activity,9111905338
"May 21, 2023, 11:37:21 AM",Kudos,Activity,9111409834
"May 21, 2023, 11:37:23 AM",Kudos,Activity,9110928952
"May 22, 2023, 9:05:08 AM",Kudos,Activity,9114909989
"May 22, 2023, 4:31:46 PM",Kudos,Activity,9119550982
"May 22, 2023, 7:30:36 PM",Kudos,Activity,9120853001
"May 23, 2023, 7:02:42 AM",Kudos,Activity,9121049864
"May 23, 2023, 12:54:07 PM",Kudos,Activity,9124492544
"May 23, 2023, 9:17:29 PM",Kudos,Activity,9126090725
"May 23, 2023, 9:17:45 PM",Kudos,Activity,9126947831
"May 24, 2023, 7:12:46 AM",Kudos,Activity,9129858469
"May 24, 2023, 10:30:50 AM",Kudos,Activity,9130575949
"May 26, 2023, 9:32:26 AM",Kudos,Activity,9140509742
"May 26, 2023, 9:32:30 AM",Kudos,Activity,9133425399
"May 26, 2023, 9:32:33 AM",Kudos,Activity,9133329998
"May 26, 2023, 11:48:50 AM",Kudos,Activity,9142948098
"May 26, 2023, 11:48:52 AM",Kudos,Activity,9143131670
"May 26, 2023, 11:58:26 AM",Kudos,Activity,9139914672
"May 26, 2023, 8:48:32 PM",Kudos,Activity,9145201734
"May 26, 2023, 8:48:33 PM",Kudos,Activity,9145578725
"May 27, 2023, 12:00:01 PM",Kudos,Activity,9148958420
"May 27, 2023, 12:00:08 PM",Kudos,Activity,9149204956
"May 27, 2023, 12:00:11 PM",Kudos,Activity,9149232262
"May 27, 2023, 12:00:13 PM",Kudos,Activity,9149502217
"May 28, 2023, 8:54:31 AM",Kudos,Activity,9154522519
"May 28, 2023, 8:54:32 AM",Kudos,Activity,9154680295
"May 28, 2023, 10:14:46 PM",Kudos,Activity,9159116058
"May 28, 2023, 10:14:49 PM",Kudos,Activity,9155859668
"May 28, 2023, 10:14:50 PM",Kudos,Activity,9157034286
"May 31, 2023, 4:43:54 PM",Kudos,Activity,9176100137
"Jun 1, 2023, 9:57:56 AM",Kudos,Activity,9180691954
"Jun 1, 2023, 9:33:23 PM",Kudos,Activity,9183672594
"Jun 2, 2023, 12:18:11 PM",Kudos,Activity,9187561095
"Jun 3, 2023, 7:59:11 AM",Kudos,Activity,9189675105
"Jun 3, 2023, 10:25:07 AM",Kudos,Activity,9192870012
"Jun 4, 2023, 11:07:58 AM",Kudos,Activity,9199707672
"Jun 4, 2023, 2:53:42 PM",Kudos,Activity,9200360034
"Jun 4, 2023, 2:53:48 PM",Kudos,Activity,9200327318
"Jun 5, 2023, 5:42:16 AM",Kudos,Activity,9203610874
"Jun 5, 2023, 1:26:32 PM",Kudos,Activity,9200337405
"Jun 6, 2023, 9:24:44 AM",Kudos,Activity,9211950967
"Jun 6, 2023, 9:24:49 AM",Kudos,Activity,9209639029
"Jun 6, 2023, 9:24:50 AM",Kudos,Activity,9207901767
"Jun 6, 2023, 9:25:01 AM",Kudos,Activity,9199004988
"Jun 6, 2023, 9:25:03 AM",Kudos,Activity,9196064189
"Jun 6, 2023, 9:25:07 AM",Kudos,Activity,9196178667
"Jun 6, 2023, 9:25:08 AM",Kudos,Activity,9193661138
"Jun 6, 2023, 8:55:28 PM",Kudos,Activity,9216269921
"Jun 7, 2023, 12:48:57 PM",Kudos,Activity,9219612837
"Jun 7, 2023, 12:48:58 PM",Kudos,Activity,9219583009
"Jun 10, 2023, 3:00:09 PM",Kudos,Activity,9238163270
"Jun 10, 2023, 3:00:32 PM",Kudos,Activity,9237994519
"Jun 10, 2023, 3:00:35 PM",Kudos,Activity,9239321508
"Jun 10, 2023, 9:21:20 PM",Kudos,Activity,9238018622
"Jun 11, 2023, 10:58:44 AM",Kudos,Activity,9243697950
"Jun 11, 2023, 5:27:46 PM",Kudos,Activity,9245365962
"Jun 12, 2023, 7:27:35 AM",Kudos,Activity,9239801137
"Jun 15, 2023, 2:07:45 PM",Kudos,Activity,9270205513
"Jun 15, 2023, 10:01:22 PM",Kudos,Activity,9272301689
"Jun 16, 2023, 6:55:38 AM",Kudos,Activity,9274416131
"Jun 18, 2023, 1:07:48 PM",Kudos,Activity,9287867758
"Jun 18, 2023, 8:29:21 PM",Kudos,Activity,9290249095
"Jun 18, 2023, 8:29:27 PM",Kudos,Activity,9287914309
"Jun 18, 2023, 8:29:36 PM",Kudos,Activity,9288880129
"Jun 19, 2023, 12:14:14 PM",Kudos,Activity,9293411960
"Jun 20, 2023, 5:02:43 PM",Kudos,Activity,9302035929
"Jun 20, 2023, 5:02:43 PM",Kudos,Activity,9302082857
"Jun 20, 2023, 7:52:15 PM",Kudos,Activity,9303022214
"Jun 21, 2023, 1:53:34 PM",Kudos,Activity,9307512536
"Jun 23, 2023, 12:54:01 PM",Kudos,Activity,9319186901
"Jun 23, 2023, 12:54:02 PM",Kudos,Activity,9318417609
"Jun 23, 2023, 12:54:05 PM",Kudos,Activity,9318900416
"Jun 23, 2023, 12:54:13 PM",Kudos,Activity,9310058750
"Jun 24, 2023, 8:17:46 AM",Kudos,Activity,9320216271
"Jun 24, 2023, 11:52:52 AM",Kudos,Activity,9323672506
"Jun 24, 2023, 11:52:53 AM",Kudos,Activity,9324008871
"Jun 24, 2023, 3:06:32 PM",Kudos,Activity,9324907423
"Jun 24, 2023, 4:19:44 PM",Kudos,Activity,9326271973
"Jun 24, 2023, 10:07:25 PM",Kudos,Activity,9327768405
"Jun 24, 2023, 10:07:27 PM",Kudos,Activity,9327711529
"Jun 24, 2023, 10:08:14 PM",Kudos,Activity,9327279997
"Jun 24, 2023, 10:08:17 PM",Kudos,Activity,9327534118
"Jun 24, 2023, 10:08:19 PM",Kudos,Activity,9327184470
"Jun 25, 2023, 7:54:13 AM",Kudos,Activity,9329386913
"Jun 26, 2023, 1:45:10 PM",Kudos,Activity,9336243546
"Jun 26, 2023, 1:45:11 PM",Kudos,Activity,9336183221
"Jun 28, 2023, 8:38:22 AM",Kudos,Activity,9348516802
"Jun 28, 2023, 8:38:25 AM",Kudos,Activity,9346478535
"Jun 28, 2023, 8:38:26 AM",Kudos,Activity,9345768468
"Jun 28, 2023, 8:38:28 AM",Kudos,Activity,9346041921
"Jun 28, 2023, 8:38:32 AM",Kudos,Activity,9345884513
"Jun 28, 2023, 8:38:37 AM",Kudos,Activity,9340156188
"Jun 28, 2023, 8:38:39 AM",Kudos,Activity,9338818977
"Jun 29, 2023, 7:53:50 AM",Kudos,Activity,9354392941
"Jun 29, 2023, 6:12:21 PM",Kudos,Activity,9356921363
"Jul 1, 2023, 10:20:39 AM",Kudos,Activity,9366869096
"Jul 1, 2023, 10:20:41 AM",Kudos,Activity,9366801012
"Jul 1, 2023, 2:10:14 PM",Kudos,Activity,9368314234
"Jul 1, 2023, 3:49:38 PM",Kudos,Activity,9367842603
"Jul 1, 2023, 3:51:05 PM",Kudos,Activity,9367244403
"Jul 1, 2023, 3:51:14 PM",Kudos,Activity,9367842864
"Jul 1, 2023, 3:51:24 PM",Kudos,Activity,9367842206
"Jul 1, 2023, 8:26:33 PM",Kudos,Activity,9369777221
"Jul 2, 2023, 1:14:20 PM",Kudos,Activity,9372921684
"Jul 3, 2023, 8:24:13 PM",Kudos,Activity,9381594105
"Jul 3, 2023, 8:24:47 PM",Kudos,Activity,9376619972
"Jul 5, 2023, 7:40:49 AM",Kudos,Activity,9391379201
"Jul 5, 2023, 7:40:55 AM",Kudos,Activity,9386623979
"Jul 5, 2023, 7:41:00 AM",Kudos,Activity,9385219540
"Jul 5, 2023, 12:08:29 PM",Kudos,Activity,9392444410
"Jul 5, 2023, 9:50:36 PM",Kudos,Activity,9395649601
"Jul 5, 2023, 9:50:38 PM",Kudos,Activity,9395124256
"Jul 5, 2023, 9:50:39 PM",Kudos,Activity,9394729442
"Jul 6, 2023, 10:34:15 AM",Kudos,Activity,9397536659
"Jul 9, 2023, 10:19:51 AM",Kudos,Activity,9414146707
"Jul 9, 2023, 10:19:52 AM",Kudos,Activity,9413346591
"Jul 9, 2023, 10:19:55 AM",Kudos,Activity,9411027361
"Jul 9, 2023, 10:20:03 AM",Kudos,Activity,9410458719
"Jul 9, 2023, 6:02:30 PM",Kudos,Activity,9420031422
"Jul 10, 2023, 4:31:23 PM",Kudos,Activity,9423917151
"Jul 10, 2023, 9:12:51 PM",Kudos,Activity,9426526068
"Jul 11, 2023, 1:45:11 PM",Kudos,Activity,9430092111
"Jul 11, 2023, 1:48:06 PM",Kudos,Activity,9430690590
"Jul 12, 2023, 3:11:01 PM",Kudos,Activity,9437363640
"Jul 12, 2023, 7:10:03 PM",Kudos,Activity,9438897166
"Jul 12, 2023, 7:10:07 PM",Kudos,Activity,9438937782
"Jul 13, 2023, 8:42:52 AM",Kudos,Activity,9438707656
"Jul 13, 2023, 10:03:57 PM",Kudos,Activity,9445986233
"Jul 16, 2023, 6:24:23 PM",Kudos,Activity,9463802198
"Jul 16, 2023, 9:06:56 PM",Kudos,Activity,9464246631
"Jul 18, 2023, 11:58:04 AM",Kudos,Activity,9472955439
"Jul 20, 2023, 1:05:31 PM",Kudos,Activity,9487116698
"Jul 20, 2023, 1:05:32 PM",Kudos,Activity,9484237138
"Jul 20, 2023, 1:05:34 PM",Kudos,Activity,9483244554
"Jul 20, 2023, 1:05:36 PM",Kudos,Activity,9479231170
"Jul 20, 2023, 9:07:59 PM",Kudos,Activity,9489597235
"Jul 21, 2023, 2:36:22 PM",Kudos,Activity,9493136420
"Jul 21, 2023, 6:02:10 PM",Kudos,Activity,9494855803
"Jul 21, 2023, 6:02:15 PM",Kudos,Activity,9494422015
"Jul 21, 2023, 6:02:16 PM",Kudos,Activity,9493234874
"Jul 21, 2023, 6:02:19 PM",Kudos,Activity,9493164281
"Jul 21, 2023, 6:02:22 PM",Kudos,Activity,9489356078
"Jul 22, 2023, 10:14:50 AM",Kudos,Activity,9498033637
"Jul 22, 2023, 10:14:53 AM",Kudos,Activity,9495303891
"Jul 22, 2023, 10:14:58 AM",Kudos,Activity,9498482440
"Jul 22, 2023, 7:11:29 PM",Kudos,Activity,9500575742
"Jul 22, 2023, 7:11:31 PM",Kudos,Activity,9500128727
"Jul 23, 2023, 11:37:54 AM",Kudos,Activity,9505430228
"Jul 23, 2023, 11:38:23 AM",Kudos,Activity,9504847856
"Jul 23, 2023, 4:15:25 PM",Kudos,Activity,9506874311
"Jul 23, 2023, 9:58:24 PM",Kudos,Activity,9508249971
"Jul 23, 2023, 9:58:33 PM",Kudos,Activity,9508249970
"Jul 23, 2023, 9:58:38 PM",Kudos,Activity,9508240972
"Jul 24, 2023, 11:50:15 AM",Kudos,Activity,9510664302
"Jul 24, 2023, 9:04:57 PM",Kudos,Activity,9514455387
"Jul 24, 2023, 9:05:01 PM",Kudos,Activity,9513537173
"Jul 24, 2023, 9:05:03 PM",Kudos,Activity,9514458710
"Jul 24, 2023, 9:05:06 PM",Kudos,Activity,9511629059
"Jul 25, 2023, 1:04:17 PM",Kudos,Activity,9518164392
"Jul 25, 2023, 1:13:27 PM",Kudos,Activity,9506555396
"Jul 26, 2023, 5:41:40 AM",Kudos,Activity,9521362490
"Jul 26, 2023, 5:41:42 AM",Kudos,Activity,9521361797
"Jul 26, 2023, 5:41:43 AM",Kudos,Activity,9520693898
"Jul 27, 2023, 4:40:40 PM",Kudos,Activity,9531487314
"Jul 28, 2023, 8:01:49 AM",Kudos,Activity,9533711654
"Jul 28, 2023, 8:01:50 AM",Kudos,Activity,9412989056
"Jul 28, 2023, 8:01:52 AM",Kudos,Activity,9532501290
"Jul 28, 2023, 3:12:26 PM",Kudos,Activity,9536106133
"Jul 28, 2023, 3:12:31 PM",Kudos,Activity,9536165551
"Jul 29, 2023, 10:21:25 AM",Kudos,Activity,9541755719
"Jul 29, 2023, 10:21:27 AM",Kudos,Activity,9541847898
"Jul 29, 2023, 10:21:28 AM",Kudos,Activity,9538775773
"Jul 29, 2023, 11:53:25 AM",Kudos,Activity,9542295022
"Jul 29, 2023, 11:53:27 AM",Kudos,Activity,9542384613
"Jul 30, 2023, 11:26:29 AM",Kudos,Activity,9548866114
"Jul 30, 2023, 11:26:38 AM",Kudos,Activity,9548425591
"Jul 30, 2023, 11:26:43 AM",Kudos,Activity,9548080704
"Jul 30, 2023, 11:26:59 AM",Kudos,Activity,9547938814
"Jul 30, 2023, 11:27:01 AM",Kudos,Activity,9544905134
"Jul 30, 2023, 11:27:32 AM",Kudos,Activity,9543834404
"Jul 30, 2023, 12:01:00 PM",Kudos,Activity,9549022676
"Jul 30, 2023, 12:34:19 PM",Kudos,Activity,9548875282
"Jul 31, 2023, 9:35:04 AM",Kudos,Activity,9553922690
"Jul 31, 2023, 9:35:05 AM",Kudos,Activity,9551235584
"Jul 31, 2023, 9:35:06 AM",Kudos,Activity,9551112796
"Jul 31, 2023, 9:35:07 AM",Kudos,Activity,9549927432
"Jul 31, 2023, 9:52:09 PM",Kudos,Activity,9556917129
"Aug 1, 2023, 7:26:21 AM",Kudos,Activity,9556737648
"Aug 1, 2023, 7:10:03 PM",Kudos,Activity,9563771398
"Aug 1, 2023, 7:10:12 PM",Kudos,Activity,9562802307
"Aug 2, 2023, 9:17:11 AM",Kudos,Activity,9567321930
"Aug 2, 2023, 9:17:18 AM",Kudos,Activity,9564644608
"Aug 2, 2023, 8:31:22 PM",Kudos,Activity,9571094980
"Aug 2, 2023, 8:31:57 PM",Kudos,Activity,9571107017
"Aug 2, 2023, 8:32:21 PM",Kudos,Activity,9570043699
"Aug 3, 2023, 10:27:59 AM",Kudos,Activity,9573718531
"Aug 3, 2023, 10:28:01 AM",Kudos,Activity,9573167090
"Aug 4, 2023, 9:04:10 AM",Kudos,Activity,9579402787
"Aug 5, 2023, 3:04:26 PM",Kudos,Activity,9587891733
"Aug 5, 2023, 3:26:39 PM",Kudos,Activity,9585657557
"Aug 5, 2023, 3:26:40 PM",Kudos,Activity,9585001602
"Aug 5, 2023, 3:26:42 PM",Kudos,Activity,9585836851
"Aug 5, 2023, 3:26:44 PM",Kudos,Activity,9582602752
"Aug 5, 2023, 3:26:49 PM",Kudos,Activity,9579596777
"Aug 5, 2023, 3:26:54 PM",Kudos,Activity,9579414031
"Aug 5, 2023, 3:26:57 PM",Kudos,Activity,9574736681
"Aug 5, 2023, 4:57:54 PM",Kudos,Activity,9588845780
"Aug 5, 2023, 4:57:56 PM",Kudos,Activity,9588462738
"Aug 6, 2023, 8:05:11 PM",Kudos,Activity,9595060534
"Aug 6, 2023, 8:05:12 PM",Kudos,Activity,9594974537
"Aug 6, 2023, 8:05:23 PM",Kudos,Activity,9595440315
"Aug 6, 2023, 8:05:25 PM",Kudos,Activity,9596152534
"Aug 6, 2023, 8:06:39 PM",Kudos,Activity,9592259524
"Aug 6, 2023, 8:06:42 PM",Kudos,Activity,9591861030
"Aug 6, 2023, 8:06:54 PM",Kudos,Activity,9592671843
"Aug 7, 2023, 6:36:24 AM",Kudos,Activity,9596610660
"Aug 7, 2023, 6:36:26 AM",Kudos,Activity,9597693968
"Aug 9, 2023, 8:08:01 AM",Kudos,Activity,9610894600
"Aug 9, 2023, 8:08:06 AM",Kudos,Activity,9611018597
"Aug 9, 2023, 8:08:08 AM",Kudos,Activity,9611323494
"Aug 9, 2023, 8:08:09 AM",Kudos,Activity,9606187951
"Aug 9, 2023, 8:08:10 AM",Kudos,Activity,9604453254
"Aug 9, 2023, 8:55:06 PM",Kudos,Activity,9614557686
"Aug 10, 2023, 1:08:58 PM",Kudos,Activity,9615622412
"Aug 10, 2023, 1:09:05 PM",Kudos,Activity,9618160180
"Aug 10, 2023, 1:09:13 PM",Kudos,Activity,9613908640
"Aug 10, 2023, 1:09:16 PM",Kudos,Activity,9614176659
"Aug 10, 2023, 10:31:59 PM",Kudos,Activity,9622246548
"Aug 10, 2023, 10:32:02 PM",Kudos,Activity,9622248854
"Aug 10, 2023, 10:37:01 PM",Kudos,Activity,9620709760
"Aug 10, 2023, 10:37:02 PM",Kudos,Activity,9621112248
"Aug 11, 2023, 8:07:16 AM",Kudos,Activity,9622243112
"Aug 11, 2023, 12:58:02 PM",Kudos,Activity,9625424441
"Aug 11, 2023, 12:58:03 PM",Kudos,Activity,9625186971
"Aug 12, 2023, 7:56:08 AM",Kudos,Activity,9630514677
"Aug 12, 2023, 7:56:10 AM",Kudos,Activity,9627211914
"Aug 12, 2023, 8:31:10 AM",Kudos,Activity,9630762771
"Aug 12, 2023, 8:31:13 AM",Kudos,Activity,9627560890
"Aug 12, 2023, 8:31:15 AM",Kudos,Activity,9627298859
"Aug 12, 2023, 12:34:27 PM",Kudos,Activity,9631737844
"Aug 12, 2023, 12:34:30 PM",Kudos,Activity,9632128413
"Aug 12, 2023, 12:34:32 PM",Kudos,Activity,9631485539
"Aug 12, 2023, 12:34:33 PM",Kudos,Activity,9631227628
"Aug 12, 2023, 12:34:38 PM",Kudos,Activity,9631285330
"Aug 13, 2023, 8:00:04 AM",Kudos,Activity,9634623789
"Aug 13, 2023, 11:59:45 AM",Kudos,Activity,9638601733
"Aug 13, 2023, 4:35:43 PM",Kudos,Activity,9639025694
"Aug 13, 2023, 4:35:44 PM",Kudos,Activity,9640536142
"Aug 13, 2023, 9:14:20 PM",Kudos,Activity,9641066392
"Aug 14, 2023, 8:33:49 PM",Kudos,Activity,9647109766
"Aug 14, 2023, 8:33:52 PM",Kudos,Activity,9647799009
"Aug 14, 2023, 8:33:55 PM",Kudos,Activity,9644495178
"Aug 14, 2023, 8:33:56 PM",Kudos,Activity,9647639166
"Aug 15, 2023, 9:27:50 AM",Kudos,Activity,9647053104
"Aug 15, 2023, 9:44:39 PM",Kudos,Activity,9655175596
"Aug 15, 2023, 9:44:55 PM",Kudos,Activity,9654419463
"Aug 15, 2023, 9:44:58 PM",Kudos,Activity,9653766538
"Aug 15, 2023, 9:44:59 PM",Kudos,Activity,9652021626
"Aug 16, 2023, 1:51:51 PM",Kudos,Activity,9655620006
"Aug 16, 2023, 10:00:02 PM",Kudos,Activity,9661945523
"Aug 17, 2023, 10:53:05 PM",Kudos,Activity,9667946623
"Aug 18, 2023, 8:03:34 AM",Kudos,Activity,9667946483
"Aug 18, 2023, 8:03:36 AM",Kudos,Activity,9667712511
"Aug 18, 2023, 8:03:37 AM",Kudos,Activity,9666103742
"Aug 18, 2023, 10:00:08 AM",Kudos,Activity,9671148017
"Aug 18, 2023, 4:53:28 PM",Kudos,Activity,9673524501
"Aug 18, 2023, 4:53:29 PM",Kudos,Activity,9673073707
"Aug 18, 2023, 4:53:30 PM",Kudos,Activity,9673135856
"Aug 19, 2023, 10:23:20 AM",Kudos,Activity,9677424148
"Aug 21, 2023, 9:39:28 AM",Kudos,Activity,9685979925
"Aug 21, 2023, 9:39:29 AM",Kudos,Activity,9685888119
"Aug 21, 2023, 9:39:31 AM",Kudos,Activity,9685978719
"Aug 21, 2023, 9:39:32 AM",Kudos,Activity,9688013473
"Aug 21, 2023, 9:39:33 AM",Kudos,Activity,9686074124
"Aug 21, 2023, 9:39:42 AM",Kudos,Activity,9686074465
"Aug 21, 2023, 9:39:43 AM",Kudos,Activity,9686252668
"Aug 21, 2023, 9:39:44 AM",Kudos,Activity,9684726608
"Aug 21, 2023, 9:39:45 AM",Kudos,Activity,9684714016
"Aug 21, 2023, 9:39:46 AM",Kudos,Activity,9684565424
"Aug 21, 2023, 9:39:47 AM",Kudos,Activity,9683749072
"Aug 21, 2023, 9:39:48 AM",Kudos,Activity,9681185790
"Aug 21, 2023, 9:39:49 AM",Kudos,Activity,9680228453
"Aug 21, 2023, 9:39:50 AM",Kudos,Activity,9678602551
"Aug 21, 2023, 9:39:51 AM",Kudos,Activity,9678188586
"Aug 21, 2023, 9:39:52 AM",Kudos,Activity,9677759636
"Aug 21, 2023, 9:39:37 PM",Kudos,Activity,9692752405
"Aug 21, 2023, 9:39:44 PM",Kudos,Activity,9693782216
"Aug 21, 2023, 9:39:46 PM",Kudos,Activity,9692441471
"Aug 22, 2023, 9:22:30 AM",Kudos,Activity,9693406424
"Aug 22, 2023, 9:22:32 AM",Kudos,Activity,9693735457
"Aug 22, 2023, 9:22:37 AM",Kudos,Activity,9691403232
"Aug 22, 2023, 1:53:19 PM",Kudos,Activity,9698393707
"Aug 24, 2023, 11:45:30 AM",Kudos,Activity,9710193936
"Aug 24, 2023, 11:45:32 AM",Kudos,Activity,9710094594
"Aug 24, 2023, 11:45:36 AM",Kudos,Activity,9708188060
"Aug 24, 2023, 11:45:37 AM",Kudos,Activity,9708020188
"Aug 24, 2023, 11:45:38 AM",Kudos,Activity,9707470511
"Aug 24, 2023, 11:45:40 AM",Kudos,Activity,9706056265
"Aug 24, 2023, 11:45:49 AM",Kudos,Activity,9703284890
"Aug 24, 2023, 11:45:50 AM",Kudos,Activity,9703614440
"Aug 24, 2023, 11:45:51 AM",Kudos,Activity,9700905529
"Aug 24, 2023, 11:45:53 AM",Kudos,Activity,9700157144
"Aug 24, 2023, 11:45:54 AM",Kudos,Activity,9699815800
"Aug 25, 2023, 6:16:26 PM",Kudos,Activity,9718961167
"Aug 25, 2023, 6:16:27 PM",Kudos,Activity,9719054491
"Aug 25, 2023, 6:16:30 PM",Kudos,Activity,9719291327
"Aug 25, 2023, 6:16:33 PM",Kudos,Activity,9717816145
"Aug 25, 2023, 6:16:46 PM",Kudos,Activity,9716375313
"Aug 25, 2023, 6:16:48 PM",Kudos,Activity,9713078225
"Aug 26, 2023, 1:50:25 PM",Kudos,Activity,9723783461
"Aug 26, 2023, 1:50:45 PM",Kudos,Activity,9719643755
"Aug 26, 2023, 1:56:12 PM",Kudos,Activity,9724424776
"Aug 26, 2023, 1:56:17 PM",Kudos,Activity,9724429247
"Aug 26, 2023, 1:56:26 PM",Kudos,Activity,9722829211
"Aug 26, 2023, 1:56:32 PM",Kudos,Activity,9713086609
"Aug 26, 2023, 6:56:49 PM",Kudos,Activity,9725181407
"Aug 26, 2023, 6:57:25 PM",Kudos,Activity,9725182611
"Aug 26, 2023, 6:57:33 PM",Kudos,Activity,9723980426
"Aug 27, 2023, 6:48:14 PM",Kudos,Activity,9730713713
"Aug 27, 2023, 9:02:58 PM",Kudos,Activity,9731196066
"Aug 27, 2023, 9:02:59 PM",Kudos,Activity,9729936976
"Aug 27, 2023, 9:03:01 PM",Kudos,Activity,9729684435
"Aug 29, 2023, 1:02:46 PM",Kudos,Activity,9742462491
"Aug 29, 2023, 1:03:04 PM",Kudos,Activity,9742288008
"Aug 29, 2023, 1:03:05 PM",Kudos,Activity,9741298951
"Aug 29, 2023, 1:03:17 PM",Kudos,Activity,9740403243
"Aug 29, 2023, 1:03:20 PM",Kudos,Activity,9738936967
"Aug 29, 2023, 1:03:29 PM",Kudos,Activity,9735781708
"Aug 29, 2023, 1:03:32 PM",Kudos,Activity,9735487251
"Aug 29, 2023, 1:03:33 PM",Kudos,Activity,9737768600
"Aug 29, 2023, 1:03:34 PM",Kudos,Activity,9737643491
"Aug 29, 2023, 1:03:36 PM",Kudos,Activity,9707391988
"Aug 29, 2023, 1:03:37 PM",Kudos,Activity,9732280232
"Aug 29, 2023, 6:24:36 PM",Kudos,Activity,9744175063
"Aug 29, 2023, 6:24:40 PM",Kudos,Activity,9743079698
"Aug 29, 2023, 6:24:41 PM",Kudos,Activity,9743835155
"Aug 30, 2023, 11:58:48 AM",Kudos,Activity,9748034835
"Aug 30, 2023, 11:58:56 AM",Kudos,Activity,9748082762
"Aug 30, 2023, 5:39:13 PM",Kudos,Activity,9749306433
"Aug 30, 2023, 5:39:15 PM",Kudos,Activity,9748967081
"Aug 31, 2023, 7:20:56 AM",Kudos,Activity,9754017508
"Aug 31, 2023, 7:20:58 AM",Kudos,Activity,9751110375
"Aug 31, 2023, 7:21:00 AM",Kudos,Activity,9750495231
"Aug 31, 2023, 7:21:03 AM",Kudos,Activity,9750144644
"Aug 31, 2023, 7:21:04 AM",Kudos,Activity,9749286857
"Aug 31, 2023, 8:57:27 PM",Kudos,Activity,9755417478
"Aug 31, 2023, 8:57:46 PM",Kudos,Activity,9758049194
"Aug 31, 2023, 8:58:27 PM",Kudos,Activity,9758161206
"Aug 31, 2023, 8:58:29 PM",Kudos,Activity,9756870018
"Aug 31, 2023, 8:59:24 PM",Kudos,Activity,9756421822
"Aug 31, 2023, 9:00:02 PM",Kudos,Activity,9755860579
"Sep 1, 2023, 12:43:44 PM",Kudos,Activity,9761241277
"Sep 1, 2023, 12:43:45 PM",Kudos,Activity,9761149775
"Sep 1, 2023, 8:08:16 PM",Kudos,Activity,9761518644
"Sep 1, 2023, 8:08:38 PM",Kudos,Activity,9763271513
"Sep 1, 2023, 8:09:11 PM",Kudos,Activity,9763777817
"Sep 1, 2023, 8:09:12 PM",Kudos,Activity,9763492686
"Sep 1, 2023, 8:09:13 PM",Kudos,Activity,9762664325
"Sep 1, 2023, 8:09:14 PM",Kudos,Activity,9762417263
"Sep 2, 2023, 8:25:03 AM",Kudos,Activity,9766160594
"Sep 2, 2023, 11:49:35 AM",Kudos,Activity,9767323340
"Sep 2, 2023, 11:49:36 AM",Kudos,Activity,9767252140
"Sep 2, 2023, 11:49:38 AM",Kudos,Activity,9766384281
"Sep 2, 2023, 9:43:13 PM",Kudos,Activity,9766999641
"Sep 2, 2023, 9:43:21 PM",Kudos,Activity,9769372574
"Sep 3, 2023, 8:59:13 AM",Kudos,Activity,9773103544
"Sep 3, 2023, 10:29:20 AM",Kudos,Activity,9773944275
"Sep 3, 2023, 10:29:47 AM",Kudos,Activity,9770570516
"Sep 3, 2023, 12:54:58 PM",Kudos,Activity,9774959547
"Sep 3, 2023, 12:55:06 PM",Kudos,Activity,9774833770
"Sep 3, 2023, 12:55:08 PM",Kudos,Activity,9774909239
"Sep 3, 2023, 2:49:27 PM",Kudos,Activity,9775329158
"Sep 3, 2023, 2:49:39 PM",Kudos,Activity,9775469648
"Sep 3, 2023, 2:49:42 PM",Kudos,Activity,9775320310
"Sep 3, 2023, 2:49:50 PM",Kudos,Activity,9775468776
"Sep 3, 2023, 4:40:50 PM",Kudos,Activity,9776652042
"Sep 3, 2023, 4:41:05 PM",Kudos,Activity,9775608973
"Sep 3, 2023, 4:41:26 PM",Kudos,Activity,9776360648
"Sep 4, 2023, 10:01:16 AM",Kudos,Activity,9779461402
"Sep 4, 2023, 2:34:32 PM",Kudos,Activity,9781586959
"Sep 4, 2023, 9:08:10 PM",Kudos,Activity,9783829528
"Sep 5, 2023, 8:48:29 PM",Kudos,Activity,9790607606
"Sep 5, 2023, 8:48:31 PM",Kudos,Activity,9790413538
"Sep 5, 2023, 8:48:33 PM",Kudos,Activity,9790455816
"Sep 5, 2023, 8:48:42 PM",Kudos,Activity,9790662901
"Sep 5, 2023, 8:48:45 PM",Kudos,Activity,9789824560
"Sep 5, 2023, 8:48:47 PM",Kudos,Activity,9789827862
"Sep 6, 2023, 6:52:19 AM",Kudos,Activity,9793172670
"Sep 6, 2023, 8:17:38 AM",Kudos,Activity,9793251639
"Sep 6, 2023, 8:17:39 AM",Kudos,Activity,9793433838
"Sep 6, 2023, 8:17:41 AM",Kudos,Activity,9793503339
"Sep 6, 2023, 11:42:50 AM",Kudos,Activity,9787785138
"Sep 6, 2023, 11:42:51 AM",Kudos,Activity,9794416750
"Sep 6, 2023, 11:42:53 AM",Kudos,Activity,9793563417
"Sep 6, 2023, 11:42:54 AM",Kudos,Activity,9793553994
"Sep 6, 2023, 11:47:50 AM",Kudos,Activity,9794522050
"Sep 6, 2023, 9:24:39 PM",Kudos,Activity,9798060750
"Sep 6, 2023, 9:24:49 PM",Kudos,Activity,9797478008
"Sep 6, 2023, 9:25:47 PM",Kudos,Activity,9797975098
"Sep 6, 2023, 9:26:00 PM",Kudos,Activity,9795659506
"Sep 6, 2023, 9:26:21 PM",Kudos,Activity,9795032010
"Sep 6, 2023, 9:26:27 PM",Kudos,Activity,9796800466
"Sep 6, 2023, 9:26:29 PM",Kudos,Activity,9796560777
"Sep 6, 2023, 9:26:30 PM",Kudos,Activity,9797814305
"Sep 6, 2023, 9:26:35 PM",Kudos,Activity,9794755599
"Sep 7, 2023, 8:00:03 AM",Kudos,Activity,9800066537
"Sep 7, 2023, 10:46:57 AM",Kudos,Activity,9800774712
"Sep 7, 2023, 1:18:07 PM",Kudos,Activity,9801166940
"Sep 7, 2023, 1:18:08 PM",Kudos,Activity,9800601210
"Sep 8, 2023, 8:58:34 AM",Kudos,Activity,9806442939
"Sep 8, 2023, 8:58:36 AM",Kudos,Activity,9804065517
"Sep 8, 2023, 8:58:37 AM",Kudos,Activity,9804008668
"Sep 8, 2023, 8:58:38 AM",Kudos,Activity,9803835028
"Sep 8, 2023, 8:58:39 AM",Kudos,Activity,9803835084
"Sep 8, 2023, 8:58:40 AM",Kudos,Activity,9802820851
"Sep 8, 2023, 10:37:08 AM",Kudos,Activity,9807167481
"Sep 9, 2023, 7:40:04 AM",Kudos,Activity,9809702557
"Sep 9, 2023, 7:40:05 AM",Kudos,Activity,9809529055
"Sep 9, 2023, 7:40:07 AM",Kudos,Activity,9809818977
"Sep 9, 2023, 7:40:08 AM",Kudos,Activity,9809702432
"Sep 9, 2023, 7:40:09 AM",Kudos,Activity,9809408020
"Sep 9, 2023, 10:35:12 AM",Kudos,Activity,9813043565
"Sep 9, 2023, 10:57:11 AM",Kudos,Activity,9813195418
"Sep 9, 2023, 10:57:21 AM",Kudos,Activity,9813107835
"Sep 9, 2023, 10:57:23 AM",Kudos,Activity,9812871637
"Sep 9, 2023, 10:57:23 AM",Kudos,Activity,9812966983
"Sep 9, 2023, 10:57:24 AM",Kudos,Activity,9812968764
"Sep 9, 2023, 10:57:25 AM",Kudos,Activity,9812626853
"Sep 9, 2023, 10:57:26 AM",Kudos,Activity,9812405814
"Sep 10, 2023, 8:57:37 AM",Kudos,Activity,9816124972
"Sep 10, 2023, 8:57:50 AM",Kudos,Activity,9814439643
"Sep 10, 2023, 8:58:06 AM",Kudos,Activity,9816561093
"Sep 10, 2023, 8:58:07 AM",Kudos,Activity,9819342736
"Sep 10, 2023, 8:58:08 AM",Kudos,Activity,9815535811
"Sep 10, 2023, 8:58:11 AM",Kudos,Activity,9813748808
"Sep 10, 2023, 9:49:49 AM",Kudos,Activity,9819724909
"Sep 10, 2023, 9:49:49 AM",Kudos,Activity,9819902279
"Sep 10, 2023, 1:36:42 PM",Kudos,Activity,9821323006
"Sep 10, 2023, 1:36:51 PM",Kudos,Activity,9821379328
"Sep 10, 2023, 4:29:36 PM",Kudos,Activity,9822929040
"Sep 10, 2023, 4:29:37 PM",Kudos,Activity,9823078846
"Sep 10, 2023, 4:29:38 PM",Kudos,Activity,9821831939
"Sep 11, 2023, 7:39:48 AM",Kudos,Activity,9822358015
"Sep 11, 2023, 7:39:55 AM",Kudos,Activity,9823885688
"Sep 11, 2023, 8:32:37 AM",Kudos,Activity,9826304882
"Sep 11, 2023, 8:32:38 AM",Kudos,Activity,9826304782
"Sep 11, 2023, 6:38:12 PM",Kudos,Activity,9829682962
"Sep 11, 2023, 6:38:15 PM",Kudos,Activity,9828903101
"Sep 11, 2023, 6:38:30 PM",Kudos,Activity,9829154579
"Sep 11, 2023, 6:38:31 PM",Kudos,Activity,9828822557
"Sep 12, 2023, 8:18:19 AM",Kudos,Activity,9832651818
"Sep 12, 2023, 8:18:20 AM",Kudos,Activity,9829941449
"Sep 12, 2023, 10:08:27 PM",Kudos,Activity,9836277323
"Sep 12, 2023, 10:08:42 PM",Kudos,Activity,9836620044
"Sep 12, 2023, 10:08:44 PM",Kudos,Activity,9836755963
"Sep 12, 2023, 10:08:57 PM",Kudos,Activity,9835498621
"Sep 13, 2023, 9:21:53 AM",Kudos,Activity,9839539747
"Sep 13, 2023, 9:05:43 PM",Kudos,Activity,9843759059
"Sep 13, 2023, 9:05:46 PM",Kudos,Activity,9842573925
"Sep 13, 2023, 9:05:47 PM",Kudos,Activity,9842516124
"Sep 14, 2023, 9:08:25 AM",Kudos,Activity,9845863526
"Sep 14, 2023, 1:37:37 PM",Kudos,Activity,9847187676
"Sep 14, 2023, 1:38:18 PM",Kudos,Activity,9847440078
"Sep 14, 2023, 2:25:28 PM",Kudos,Activity,9847711513
"Sep 14, 2023, 9:53:44 PM",Kudos,Activity,9849373575
"Sep 14, 2023, 9:53:56 PM",Kudos,Activity,9849311922
"Sep 14, 2023, 9:53:57 PM",Kudos,Activity,9849210445
"Sep 14, 2023, 9:53:59 PM",Kudos,Activity,9848847358
"Sep 14, 2023, 9:54:10 PM",Kudos,Activity,9836628111
"Sep 14, 2023, 9:54:14 PM",Kudos,Activity,9836134868
"Sep 14, 2023, 9:54:25 PM",Kudos,Activity,9826304781
"Sep 15, 2023, 2:07:10 PM",Kudos,Activity,9854062210
"Sep 16, 2023, 2:00:04 PM",Kudos,Activity,9859247296
"Sep 16, 2023, 2:00:32 PM",Kudos,Activity,9858643029
"Sep 16, 2023, 6:16:02 PM",Kudos,Activity,9858553272
"Sep 16, 2023, 7:51:38 PM",Kudos,Activity,9859550217
"Sep 16, 2023, 7:51:39 PM",Kudos,Activity,9860023218
"Sep 16, 2023, 7:51:39 PM",Kudos,Activity,9860214716
"Sep 16, 2023, 7:51:40 PM",Kudos,Activity,9859808973
"Sep 16, 2023, 7:51:42 PM",Kudos,Activity,9858960414
"Sep 16, 2023, 7:52:29 PM",Kudos,Activity,9858767353
"Sep 16, 2023, 7:52:30 PM",Kudos,Activity,9858558832
"Sep 17, 2023, 8:46:50 AM",Kudos,Activity,9858691021
"Sep 17, 2023, 9:56:30 AM",Kudos,Activity,9865611352
"Sep 17, 2023, 9:56:31 AM",Kudos,Activity,9865609805
"Sep 17, 2023, 9:56:33 AM",Kudos,Activity,9865609510
"Sep 17, 2023, 9:56:34 AM",Kudos,Activity,9797066226
"Sep 17, 2023, 1:41:57 PM",Kudos,Activity,9867185683
"Sep 17, 2023, 1:42:05 PM",Kudos,Activity,9866810948
"Sep 17, 2023, 1:42:07 PM",Kudos,Activity,9865789616
"Sep 17, 2023, 1:42:08 PM",Kudos,Activity,9866487889
"Sep 17, 2023, 8:39:15 PM",Kudos,Activity,9868529693
"Sep 17, 2023, 8:39:17 PM",Kudos,Activity,9867837839
"Sep 17, 2023, 8:39:18 PM",Kudos,Activity,9869469148
"Sep 17, 2023, 8:39:19 PM",Kudos,Activity,9868647341
"Sep 18, 2023, 8:31:34 AM",Kudos,Activity,9871934278
"Sep 18, 2023, 8:31:50 AM",Kudos,Activity,9871820291
"Sep 18, 2023, 5:04:15 PM",Kudos,Activity,9874501135
"Sep 18, 2023, 6:36:55 PM",Kudos,Activity,9874685613
"Sep 18, 2023, 9:40:36 PM",Kudos,Activity,9871605693
"Sep 18, 2023, 9:40:44 PM",Kudos,Activity,9875692834
"Sep 19, 2023, 7:04:10 AM",Kudos,Activity,9877662896
"Sep 19, 2023, 8:45:01 AM",Kudos,Activity,9878102729
"Sep 19, 2023, 4:44:44 PM",Kudos,Activity,9880321753
"Sep 19, 2023, 7:19:41 PM",Kudos,Post,25688911
"Sep 19, 2023, 7:19:45 PM",Kudos,Activity,9881541979
"Sep 19, 2023, 7:19:46 PM",Kudos,Activity,9881266354
"Sep 19, 2023, 7:19:47 PM",Kudos,Activity,9881425681
"Sep 19, 2023, 7:45:04 PM",Kudos,Activity,9882077171
"Sep 19, 2023, 7:45:07 PM",Kudos,Activity,9881508833
"Sep 20, 2023, 8:54:41 AM",Kudos,Activity,9884629392
"Sep 20, 2023, 8:54:42 AM",Kudos,Activity,9884699747
"Sep 20, 2023, 8:54:43 AM",Kudos,Activity,9884699734
"Sep 20, 2023, 11:17:09 AM",Kudos,Activity,9885144225
"Sep 21, 2023, 7:50:40 AM",Kudos,Activity,9890900621
"Sep 21, 2023, 7:50:41 AM",Kudos,Activity,9890548330
"Sep 21, 2023, 7:50:42 AM",Kudos,Activity,9888808998
"Sep 21, 2023, 7:50:44 AM",Kudos,Activity,9888181223
"Sep 21, 2023, 1:00:08 PM",Kudos,Activity,9892036382
"Sep 21, 2023, 1:00:09 PM",Kudos,Activity,9891370560
"Sep 21, 2023, 10:35:33 PM",Kudos,Activity,9894070473
"Sep 21, 2023, 10:35:39 PM",Kudos,Activity,9894332416
"Sep 21, 2023, 10:35:45 PM",Kudos,Activity,9894498061
"Sep 21, 2023, 10:36:11 PM",Kudos,Activity,9852349340
"Sep 21, 2023, 10:36:12 PM",Kudos,Activity,9894481712
"Sep 21, 2023, 10:36:13 PM",Kudos,Activity,9893749191
"Sep 22, 2023, 10:33:10 AM",Kudos,Activity,9897111466
"Sep 22, 2023, 12:33:14 PM",Kudos,Activity,9898221665
"Sep 22, 2023, 1:34:15 PM",Kudos,Activity,9898573443
"Sep 23, 2023, 4:46:07 PM",Kudos,Activity,9905394284
"Sep 23, 2023, 4:46:09 PM",Kudos,Activity,9903441666
"Sep 23, 2023, 4:46:10 PM",Kudos,Activity,9902820218
"Sep 23, 2023, 4:46:11 PM",Kudos,Activity,9905673505
"Sep 23, 2023, 4:46:13 PM",Kudos,Activity,9905726131
"Sep 23, 2023, 4:46:16 PM",Kudos,Activity,9904987543
"Sep 23, 2023, 4:46:17 PM",Kudos,Activity,9901984613
"Sep 23, 2023, 4:46:18 PM",Kudos,Activity,9900601345
"Sep 23, 2023, 5:38:24 PM",Kudos,Activity,9906478927
"Sep 23, 2023, 6:33:48 PM",Kudos,Activity,9906596663
"Sep 24, 2023, 1:10:01 PM",Kudos,Activity,9910096605
"Sep 24, 2023, 1:10:02 PM",Kudos,Activity,9909995263
"Sep 24, 2023, 1:10:04 PM",Kudos,Activity,9910860194
"Sep 24, 2023, 1:10:05 PM",Kudos,Activity,9911355328
"Sep 24, 2023, 1:10:06 PM",Kudos,Activity,9909607427
"Sep 24, 2023, 8:38:15 PM",Kudos,Activity,9913805578
"Sep 24, 2023, 8:38:21 PM",Kudos,Activity,9912620881
"Sep 24, 2023, 8:38:31 PM",Kudos,Activity,9912361509
"Sep 24, 2023, 8:38:36 PM",Kudos,Activity,9913746082
"Sep 24, 2023, 8:38:37 PM",Kudos,Activity,9911933462
"Sep 24, 2023, 8:38:39 PM",Kudos,Activity,9914113159
"Sep 25, 2023, 12:26:25 PM",Kudos,Activity,9917025759
"Sep 25, 2023, 12:26:28 PM",Kudos,Activity,9916634745
"Sep 25, 2023, 4:30:25 PM",Kudos,Activity,9918074825
"Sep 25, 2023, 4:30:30 PM",Kudos,Activity,9917460157
"Sep 25, 2023, 4:30:32 PM",Kudos,Activity,9917459800
"Sep 26, 2023, 7:40:45 AM",Kudos,Activity,9919885403
"Sep 26, 2023, 7:40:59 AM",Kudos,Activity,9919014252
"Sep 26, 2023, 5:20:41 PM",Kudos,Activity,9922158066
"Sep 26, 2023, 5:20:46 PM",Kudos,Activity,9923043840
"Sep 26, 2023, 5:20:48 PM",Kudos,Activity,9922158145
"Sep 26, 2023, 6:10:38 PM",Kudos,Activity,9925744262
"Sep 26, 2023, 6:10:40 PM",Kudos,Activity,9925055145
"Sep 26, 2023, 6:10:43 PM",Kudos,Activity,9922491237
"Sep 27, 2023, 1:57:16 PM",Kudos,Activity,9928978749
"Sep 27, 2023, 1:57:18 PM",Kudos,Activity,9929161560
"Sep 27, 2023, 1:57:19 PM",Kudos,Activity,9930068728
"Sep 27, 2023, 3:39:20 PM",Kudos,Activity,9931082990
"Sep 27, 2023, 9:01:15 PM",Kudos,Activity,9932526943
"Sep 27, 2023, 9:01:17 PM",Kudos,Activity,9933126745
"Sep 28, 2023, 9:59:29 AM",Kudos,Activity,9935142749
"Sep 28, 2023, 9:59:30 AM",Kudos,Activity,9935374992
"Sep 28, 2023, 9:59:32 AM",Kudos,Activity,9935444408
"Sep 28, 2023, 12:49:12 PM",Kudos,Activity,9936537485
"Sep 29, 2023, 8:50:29 AM",Kudos,Activity,9937938703
"Sep 29, 2023, 8:50:34 AM",Kudos,Activity,9939017109
"Sep 29, 2023, 8:50:39 AM",Kudos,Activity,9937654614
"Sep 29, 2023, 8:50:41 AM",Kudos,Activity,9939228045
"Sep 29, 2023, 8:50:50 AM",Kudos,Activity,9941567079
"Sep 29, 2023, 8:50:51 AM",Kudos,Activity,9937702505
"Sep 29, 2023, 11:28:24 AM",Kudos,Activity,9942349785
"Sep 29, 2023, 2:11:18 PM",Kudos,Activity,9942495591
"Sep 30, 2023, 8:22:59 AM",Kudos,Activity,9945384469
"Sep 30, 2023, 8:23:00 AM",Kudos,Activity,9944061105
"Sep 30, 2023, 11:46:24 AM",Kudos,Activity,9948475829
"Sep 30, 2023, 11:46:25 AM",Kudos,Activity,9948428871
"Oct 1, 2023, 3:34:34 PM",Kudos,Activity,9955948980
"Oct 1, 2023, 3:34:46 PM",Kudos,Activity,9956025520
"Oct 1, 2023, 3:34:47 PM",Kudos,Activity,9954454661
"Oct 1, 2023, 3:34:53 PM",Kudos,Activity,9956522568
"Oct 1, 2023, 3:34:55 PM",Kudos,Activity,9953803040
"Oct 1, 2023, 3:34:56 PM",Kudos,Activity,9950518519
"Oct 1, 2023, 3:34:58 PM",Kudos,Activity,9951079311
"Oct 2, 2023, 2:06:50 PM",Kudos,Activity,9959668211
"Oct 3, 2023, 8:21:59 AM",Kudos,Activity,9965579846
"Oct 3, 2023, 8:22:04 AM",Kudos,Activity,9963750867
"Oct 4, 2023, 6:27:49 AM",Kudos,Activity,9971158813
"Oct 4, 2023, 6:27:51 AM",Kudos,Activity,9971080675
"Oct 4, 2023, 6:27:52 AM",Kudos,Activity,9970571581
"Oct 4, 2023, 6:27:58 AM",Kudos,Activity,9970464774
"Oct 4, 2023, 6:27:59 AM",Kudos,Activity,9968901692
"Oct 4, 2023, 6:28:01 AM",Kudos,Activity,9970213891
"Oct 4, 2023, 6:28:09 AM",Kudos,Activity,9968396302
"Oct 4, 2023, 7:34:51 AM",Kudos,Activity,9973177798
"Oct 4, 2023, 7:34:51 AM",Kudos,Activity,9973368200
"Oct 4, 2023, 2:06:30 PM",Kudos,Activity,9974661550
"Oct 4, 2023, 2:06:32 PM",Kudos,Activity,9974733468
"Oct 4, 2023, 5:59:28 PM",Kudos,Activity,9976808550
"Oct 4, 2023, 5:59:36 PM",Kudos,Activity,9976772651
"Oct 4, 2023, 5:59:38 PM",Kudos,Activity,9976749634
"Oct 5, 2023, 6:57:04 AM",Kudos,Activity,9976711197
"Oct 5, 2023, 12:18:04 PM",Kudos,Activity,9979554016
"Oct 5, 2023, 12:18:05 PM",Kudos,Activity,9980636544
"Oct 5, 2023, 10:49:34 PM",Kudos,Activity,9984054371
"Oct 6, 2023, 10:02:49 AM",Kudos,Activity,9986402699
"Oct 6, 2023, 10:02:50 AM",Kudos,Activity,9986254479
"Oct 6, 2023, 2:39:49 PM",Kudos,Activity,9986459006
"Oct 6, 2023, 2:40:03 PM",Kudos,Activity,9987514741
"Oct 6, 2023, 2:40:04 PM",Kudos,Activity,9986525660
"Oct 6, 2023, 2:40:07 PM",Kudos,Post,25888531
"Oct 6, 2023, 2:40:13 PM",Kudos,Activity,9987279633
"Oct 6, 2023, 2:40:13 PM",Kudos,Activity,9986462772
"Oct 7, 2023, 9:04:27 AM",Kudos,Activity,9988852643
"Oct 7, 2023, 9:04:28 AM",Kudos,Activity,9989355396
"Oct 7, 2023, 9:04:36 AM",Kudos,Activity,9988840962
"Oct 7, 2023, 9:04:40 AM",Kudos,Activity,9989501683
"Oct 7, 2023, 9:04:43 AM",Kudos,Activity,9988700600
"Oct 7, 2023, 6:46:29 PM",Kudos,Activity,9995497101
"Oct 7, 2023, 6:46:32 PM",Kudos,Activity,9995543461
"Oct 7, 2023, 6:46:47 PM",Kudos,Activity,9995526611
"Oct 7, 2023, 6:55:45 PM",Kudos,Activity,9994949662
"Oct 7, 2023, 6:55:48 PM",Kudos,Activity,9994949527
"Oct 7, 2023, 6:55:49 PM",Kudos,Activity,9995616086
"Oct 7, 2023, 6:55:56 PM",Kudos,Activity,9994546323
"Oct 7, 2023, 6:55:58 PM",Kudos,Activity,9992408017
"Oct 7, 2023, 6:56:06 PM",Kudos,Activity,9994134804
"Oct 7, 2023, 6:56:10 PM",Kudos,Activity,9991884133
"Oct 7, 2023, 6:56:11 PM",Kudos,Activity,9992470783
"Oct 8, 2023, 5:14:42 PM",Kudos,Activity,9999558131
"Oct 8, 2023, 5:14:49 PM",Kudos,Activity,9998925879
"Oct 8, 2023, 5:14:59 PM",Kudos,Activity,10000128148
"Oct 8, 2023, 5:15:09 PM",Kudos,Activity,10000779450
"Oct 8, 2023, 5:15:18 PM",Kudos,Activity,10000613206
"Oct 8, 2023, 5:15:20 PM",Kudos,Activity,10000464418
"Oct 8, 2023, 6:51:44 PM",Kudos,Activity,10002369746
"Oct 8, 2023, 6:51:46 PM",Kudos,Activity,10002186522
"Oct 9, 2023, 9:09:30 AM",Kudos,Activity,10004429128
"Oct 9, 2023, 4:27:26 PM",Kudos,Activity,10006883536
"Oct 9, 2023, 6:51:58 PM",Kudos,Activity,10007614438
"Oct 9, 2023, 6:51:59 PM",Kudos,Activity,10007639300
"Oct 9, 2023, 6:52:00 PM",Kudos,Activity,10007689013
"Oct 9, 2023, 6:52:04 PM",Kudos,Activity,10007250596
"Oct 9, 2023, 6:52:06 PM",Kudos,Activity,10007408741
"Oct 9, 2023, 6:52:10 PM",Kudos,Activity,10007257334
"Oct 10, 2023, 7:21:02 AM",Kudos,Activity,10010610836
"Oct 10, 2023, 7:21:21 AM",Kudos,Activity,10008585002
"Oct 10, 2023, 8:17:59 PM",Kudos,Activity,10013940722
"Oct 10, 2023, 8:18:03 PM",Kudos,Activity,10014905789
"Oct 11, 2023, 7:52:51 AM",Kudos,Activity,10017044487
"Oct 11, 2023, 7:52:53 AM",Kudos,Activity,10015050631
"Oct 11, 2023, 5:15:12 PM",Kudos,Activity,10019923811
"Oct 11, 2023, 7:29:19 PM",Kudos,Activity,10021087634
"Oct 11, 2023, 7:29:21 PM",Kudos,Activity,10020476977
"Oct 12, 2023, 8:47:13 AM",Kudos,Activity,10023401898
"Oct 12, 2023, 8:47:15 AM",Kudos,Activity,10023667102
"Oct 12, 2023, 8:47:22 AM",Kudos,Activity,10023210451
"Oct 12, 2023, 3:02:02 PM",Kudos,Activity,10025520201
"Oct 12, 2023, 4:59:31 PM",Kudos,Activity,10025790977
"Oct 12, 2023, 10:11:17 PM",Kudos,Activity,10026675880
"Oct 12, 2023, 10:11:20 PM",Kudos,Activity,10027546610
"Oct 13, 2023, 10:43:29 AM",Kudos,Activity,10029955025
"Oct 13, 2023, 10:43:30 AM",Kudos,Activity,10029791463
"Oct 13, 2023, 11:07:31 AM",Kudos,Activity,10030116967
"Oct 13, 2023, 11:07:35 AM",Kudos,Activity,10030165708
"Oct 13, 2023, 11:07:39 AM",Kudos,Activity,10030098849
"Oct 13, 2023, 11:07:40 AM",Kudos,Activity,10030188629
"Oct 13, 2023, 7:08:13 PM",Kudos,Activity,10032058213
"Oct 13, 2023, 7:08:16 PM",Kudos,Activity,10032364427
"Oct 13, 2023, 7:08:28 PM",Kudos,Activity,10032243413
"Oct 14, 2023, 2:55:11 PM",Kudos,Activity,10036567680
"Oct 14, 2023, 2:55:15 PM",Kudos,Activity,10036405746
"Oct 14, 2023, 2:55:16 PM",Kudos,Activity,10036405213
"Oct 14, 2023, 2:55:18 PM",Kudos,Activity,10035206989
"Oct 14, 2023, 2:55:19 PM",Kudos,Activity,10035140922
"Oct 14, 2023, 2:55:19 PM",Kudos,Activity,10033362230
"Oct 15, 2023, 10:57:00 AM",Kudos,Activity,10041600068
"Oct 15, 2023, 10:57:01 AM",Kudos,Activity,10041793259
"Oct 15, 2023, 10:57:02 AM",Kudos,Activity,10041918785
"Oct 15, 2023, 10:57:05 AM",Kudos,Activity,10042202348
"Oct 15, 2023, 10:57:17 AM",Kudos,Activity,10041210955
"Oct 15, 2023, 10:57:17 AM",Kudos,Activity,10040595550
"Oct 15, 2023, 10:57:20 AM",Kudos,Activity,10041210785
"Oct 15, 2023, 10:57:21 AM",Kudos,Activity,10038696039
"Oct 15, 2023, 10:57:25 AM",Kudos,Activity,10038123310
"Oct 15, 2023, 10:57:26 AM",Kudos,Activity,10038123559
"Oct 15, 2023, 5:19:02 PM",Kudos,Activity,10044731715
"Oct 15, 2023, 5:19:17 PM",Kudos,Activity,10043067536
"Oct 15, 2023, 5:19:19 PM",Kudos,Activity,10042507100
"Oct 15, 2023, 5:19:20 PM",Kudos,Activity,10043116993
"Oct 16, 2023, 8:00:12 AM",Kudos,Activity,10045180680
"Oct 16, 2023, 8:00:47 AM",Kudos,Activity,10045205698
"Oct 16, 2023, 8:00:52 AM",Kudos,Activity,10045262682
"Oct 16, 2023, 8:00:58 AM",Kudos,Activity,10047476577
"Oct 16, 2023, 8:00:59 AM",Kudos,Activity,10047298482
"Oct 16, 2023, 2:03:25 PM",Kudos,Activity,10047526503
"Oct 17, 2023, 12:43:06 PM",Kudos,Activity,10050285271
"Oct 17, 2023, 12:43:10 PM",Kudos,Activity,10054356879
"Oct 17, 2023, 12:43:11 PM",Kudos,Activity,10051180704
"Oct 17, 2023, 12:43:12 PM",Kudos,Activity,10051070509
"Oct 17, 2023, 8:15:28 PM",Kudos,Activity,10057122775
"Oct 17, 2023, 8:15:32 PM",Kudos,Activity,10052983248
"Oct 17, 2023, 8:15:33 PM",Kudos,Activity,10057374928
"Oct 17, 2023, 8:15:35 PM",Kudos,Activity,10056147438
"Oct 18, 2023, 8:08:59 AM",Kudos,Activity,10059669112
"Oct 18, 2023, 2:51:24 PM",Kudos,Activity,10059444671
"Oct 19, 2023, 6:20:10 AM",Kudos,Activity,10062602951
"Oct 19, 2023, 1:57:30 PM",Kudos,Activity,10066756693
"Oct 19, 2023, 1:57:31 PM",Kudos,Activity,10065325857
"Oct 19, 2023, 9:29:02 PM",Kudos,Activity,10068726618
"Oct 19, 2023, 9:29:21 PM",Kudos,Activity,10069289872
"Oct 19, 2023, 9:29:23 PM",Kudos,Activity,10068435326
"Oct 19, 2023, 9:29:24 PM",Kudos,Activity,10069064853
"Oct 19, 2023, 9:29:26 PM",Kudos,Activity,10068788810
"Oct 20, 2023, 8:05:59 PM",Kudos,Activity,10072589216
"Oct 20, 2023, 8:06:01 PM",Kudos,Activity,10073589763
"Oct 20, 2023, 8:06:02 PM",Kudos,Activity,10072753320
"Oct 20, 2023, 8:06:10 PM",Kudos,Activity,10074013730
"Oct 20, 2023, 8:06:11 PM",Kudos,Activity,10073577763
"Oct 20, 2023, 8:06:12 PM",Kudos,Activity,10073709288
"Oct 20, 2023, 8:06:15 PM",Kudos,Activity,10068900135
"Oct 21, 2023, 2:26:46 PM",Kudos,Activity,10076552448
"Oct 21, 2023, 2:26:51 PM",Kudos,Activity,10076937454
"Oct 21, 2023, 2:26:53 PM",Kudos,Activity,10076278353
"Oct 21, 2023, 2:26:55 PM",Kudos,Activity,10077160553
"Oct 21, 2023, 2:26:56 PM",Kudos,Activity,10077550537
"Oct 21, 2023, 2:26:57 PM",Kudos,Activity,10076105748
"Oct 21, 2023, 2:26:58 PM",Kudos,Activity,10076387978
"Oct 22, 2023, 6:30:32 AM",Kudos,Activity,10077867993
"Oct 22, 2023, 6:31:19 AM",Kudos,Activity,10079512574
"Oct 22, 2023, 6:31:24 AM",Kudos,Activity,10079132621
"Oct 22, 2023, 11:56:13 AM",Kudos,Activity,10082619037
"Oct 22, 2023, 11:56:14 AM",Kudos,Activity,10083460857
"Oct 22, 2023, 11:56:15 AM",Kudos,Activity,10082722081
"Oct 23, 2023, 8:00:55 AM",Kudos,Activity,10086079087
"Oct 23, 2023, 8:00:56 AM",Kudos,Activity,10084803391
"Oct 23, 2023, 8:01:11 AM",Kudos,Activity,10086418917
"Oct 23, 2023, 8:01:21 AM",Kudos,Activity,10083278571
"Oct 23, 2023, 8:01:30 AM",Kudos,Activity,10083992252
"Oct 23, 2023, 8:01:32 AM",Kudos,Activity,10085696112
"Oct 23, 2023, 8:01:34 AM",Kudos,Activity,10084328734
"Oct 23, 2023, 5:09:59 PM",Kudos,Activity,10089552654
"Oct 23, 2023, 5:10:00 PM",Kudos,Activity,10089575731
"Oct 23, 2023, 5:10:01 PM",Kudos,Activity,10088930148
"Oct 24, 2023, 6:26:27 AM",Kudos,Activity,10092177912
"Oct 24, 2023, 6:26:28 AM",Kudos,Activity,10091302290
"Oct 24, 2023, 9:16:34 PM",Kudos,Activity,10098293428
"Oct 24, 2023, 9:16:36 PM",Kudos,Activity,10096066700
"Oct 24, 2023, 9:16:37 PM",Kudos,Activity,10095152981
"Oct 24, 2023, 9:16:40 PM",Kudos,Activity,10096598518
"Oct 24, 2023, 9:16:41 PM",Kudos,Activity,10098227467
"Oct 24, 2023, 9:16:43 PM",Kudos,Activity,10098066754
"Oct 24, 2023, 9:16:47 PM",Kudos,Activity,10098228755
"Oct 24, 2023, 9:16:48 PM",Kudos,Activity,10097568423
"Oct 24, 2023, 9:16:50 PM",Kudos,Activity,10098226238
"Oct 26, 2023, 12:27:29 PM",Kudos,Activity,10103408288
"Oct 26, 2023, 12:27:32 PM",Kudos,Activity,10103241962
"Oct 26, 2023, 12:27:34 PM",Kudos,Activity,10103368621
"Oct 26, 2023, 12:27:36 PM",Kudos,Activity,10106910126
"Oct 26, 2023, 12:27:38 PM",Kudos,Activity,10103031751
"Oct 26, 2023, 12:27:40 PM",Kudos,Activity,10101235128
"Oct 26, 2023, 12:27:41 PM",Kudos,Activity,10103932342
"Oct 26, 2023, 9:52:41 PM",Kudos,Activity,10109339220
"Oct 26, 2023, 9:52:42 PM",Kudos,Activity,10109581790
"Oct 26, 2023, 9:52:43 PM",Kudos,Activity,10109831061
"Oct 27, 2023, 11:42:45 AM",Kudos,Activity,10112322729
"Oct 27, 2023, 11:42:46 AM",Kudos,Activity,10112280526
"Oct 27, 2023, 11:42:48 AM",Kudos,Activity,10112092716
"Oct 27, 2023, 6:35:11 PM",Kudos,Activity,10114047629
"Oct 27, 2023, 6:35:12 PM",Kudos,Activity,10113862241
"Oct 30, 2023, 1:43:18 PM",Kudos,Activity,10126866004
"Oct 30, 2023, 1:43:22 PM",Kudos,Activity,10125870393
"Oct 30, 2023, 1:43:27 PM",Kudos,Activity,10126450676
"Oct 30, 2023, 1:43:28 PM",Kudos,Activity,10118133565
"Oct 30, 2023, 1:43:36 PM",Kudos,Activity,10124091053
"Oct 30, 2023, 1:43:39 PM",Kudos,Activity,10117668495
"Oct 30, 2023, 1:43:41 PM",Kudos,Activity,10123787180
"Oct 30, 2023, 1:43:45 PM",Kudos,Activity,10121146131
"Oct 30, 2023, 1:43:51 PM",Kudos,Activity,10117031550
"Oct 30, 2023, 1:43:52 PM",Kudos,Activity,10125289643
"Oct 30, 2023, 1:43:53 PM",Kudos,Activity,10119023864
"Oct 30, 2023, 1:43:55 PM",Kudos,Activity,10127561706
"Oct 30, 2023, 1:44:01 PM",Kudos,Activity,10124283258
"Oct 30, 2023, 1:44:06 PM",Kudos,Activity,10123416541
"Oct 30, 2023, 1:44:07 PM",Kudos,Activity,10125493055
"Oct 30, 2023, 1:44:08 PM",Kudos,Activity,10117471829
"Oct 30, 2023, 1:44:10 PM",Kudos,Activity,10118200512
"Oct 30, 2023, 1:44:20 PM",Kudos,Activity,10120400473
"Oct 30, 2023, 1:44:24 PM",Kudos,Activity,10124685923
"Oct 30, 2023, 1:44:25 PM",Kudos,Activity,10125289766
"Oct 30, 2023, 1:44:30 PM",Kudos,Activity,10123722122
"Oct 30, 2023, 1:44:31 PM",Kudos,Activity,10118808109
"Oct 30, 2023, 1:44:33 PM",Kudos,Activity,10117682207
"Oct 30, 2023, 1:44:44 PM",Kudos,Activity,10114972758
"Nov 2, 2023, 6:17:09 PM",Kudos,Activity,10148799970
"Nov 2, 2023, 6:17:11 PM",Kudos,Activity,10148596669
"Nov 2, 2023, 6:17:13 PM",Kudos,Activity,10146263324
"Nov 2, 2023, 6:17:14 PM",Kudos,Activity,10144059149
"Nov 2, 2023, 6:17:16 PM",Kudos,Activity,10131168388
"Nov 2, 2023, 6:17:19 PM",Kudos,Activity,10146201397
"Nov 2, 2023, 6:17:20 PM",Kudos,Activity,10140175612
"Nov 2, 2023, 6:17:21 PM",Kudos,Activity,10143903653
"Nov 2, 2023, 6:17:22 PM",Kudos,Activity,10134497294
"Nov 2, 2023, 6:17:26 PM",Kudos,Activity,10133317179
"Nov 2, 2023, 6:17:28 PM",Kudos,Activity,10138501054
"Nov 2, 2023, 6:17:29 PM",Kudos,Activity,10144515795
"Nov 2, 2023, 6:17:30 PM",Kudos,Activity,10132655265
"Nov 2, 2023, 6:17:32 PM",Kudos,Activity,10132110634
"Nov 3, 2023, 9:25:32 AM",Kudos,Activity,10151887626
"Nov 3, 2023, 9:25:34 AM",Kudos,Activity,10149858914
"Nov 3, 2023, 9:25:35 AM",Kudos,Activity,10149156054
"Nov 3, 2023, 10:29:35 PM",Kudos,Activity,10153776308
"Nov 3, 2023, 10:29:38 PM",Kudos,Activity,10154385669
"Nov 3, 2023, 10:29:39 PM",Kudos,Activity,10154288276
"Nov 3, 2023, 10:29:41 PM",Kudos,Activity,10153593701
"Nov 5, 2023, 5:22:04 PM",Kudos,Activity,10164223975
"Nov 5, 2023, 5:22:07 PM",Kudos,Activity,10159158266
"Nov 5, 2023, 5:22:22 PM",Kudos,Activity,10164560015
"Nov 5, 2023, 5:22:31 PM",Kudos,Activity,10166065589
"Nov 5, 2023, 5:22:40 PM",Kudos,Activity,10166117748
"Nov 5, 2023, 5:22:41 PM",Kudos,Activity,10157080204
"Nov 5, 2023, 5:22:44 PM",Kudos,Activity,10166153598
"Nov 5, 2023, 5:22:46 PM",Kudos,Activity,10164734990
"Nov 5, 2023, 5:22:47 PM",Kudos,Activity,10163651167
"Nov 5, 2023, 5:22:48 PM",Kudos,Activity,10157572645
"Nov 5, 2023, 5:22:53 PM",Kudos,Activity,10163657482
"Nov 5, 2023, 5:22:54 PM",Kudos,Activity,10157231895
"Nov 5, 2023, 5:22:56 PM",Kudos,Activity,10157051669
"Nov 5, 2023, 5:22:58 PM",Kudos,Activity,10164296516
"Nov 5, 2023, 5:22:59 PM",Kudos,Activity,10158115372
"Nov 5, 2023, 5:23:00 PM",Kudos,Activity,10163830176
"Nov 6, 2023, 12:54:46 PM",Kudos,Activity,10163604404
"Nov 6, 2023, 12:54:48 PM",Kudos,Activity,10168937191
"Nov 6, 2023, 12:54:50 PM",Kudos,Activity,10168965432
"Nov 6, 2023, 7:31:58 PM",Kudos,Activity,10171517592
"Nov 6, 2023, 7:32:00 PM",Kudos,Activity,10171801658
"Nov 6, 2023, 10:57:15 PM",Kudos,Activity,10172369938
"Nov 6, 2023, 10:57:16 PM",Kudos,Activity,10172789778
"Nov 6, 2023, 10:57:18 PM",Kudos,Activity,10173176677
"Nov 6, 2023, 10:57:19 PM",Kudos,Activity,10173177250
"Nov 8, 2023, 10:22:42 PM",Kudos,Activity,10181471244
"Nov 8, 2023, 10:22:43 PM",Kudos,Activity,10184065805
"Nov 8, 2023, 10:22:59 PM",Kudos,Activity,10183888276
"Nov 8, 2023, 10:23:01 PM",Kudos,Activity,10181024465
"Nov 8, 2023, 10:23:02 PM",Kudos,Activity,10184125343
"Nov 8, 2023, 10:23:05 PM",Kudos,Activity,10184386580
"Nov 8, 2023, 10:23:07 PM",Kudos,Activity,10184025420
"Nov 8, 2023, 10:23:09 PM",Kudos,Activity,10184064043
"Nov 8, 2023, 10:23:10 PM",Kudos,Activity,10176168343
"Nov 8, 2023, 10:23:12 PM",Kudos,Activity,10177727484
"Nov 8, 2023, 10:23:13 PM",Kudos,Activity,10174774582
"Nov 8, 2023, 10:23:14 PM",Kudos,Activity,10174661550
"Nov 8, 2023, 10:23:16 PM",Kudos,Activity,10177773136
"Nov 8, 2023, 10:23:17 PM",Kudos,Activity,10174840522
"Nov 8, 2023, 10:23:18 PM",Kudos,Activity,10175948691
"Nov 8, 2023, 10:23:19 PM",Kudos,Activity,10178990390
"Nov 9, 2023, 2:43:28 PM",Kudos,Activity,10188287641
"Nov 9, 2023, 2:43:30 PM",Kudos,Activity,10186875227
"Nov 10, 2023, 9:35:23 PM",Kudos,Activity,10194776501
"Nov 10, 2023, 9:35:24 PM",Kudos,Activity,10190658878
"Nov 10, 2023, 9:35:25 PM",Kudos,Activity,10192347932
"Nov 10, 2023, 9:35:26 PM",Kudos,Activity,10194792565
"Nov 10, 2023, 9:35:27 PM",Kudos,Activity,10190196947
"Nov 10, 2023, 9:35:28 PM",Kudos,Activity,10192698903
"Nov 10, 2023, 9:35:29 PM",Kudos,Activity,10194554548
"Nov 10, 2023, 9:35:30 PM",Kudos,Activity,10195726173
"Nov 10, 2023, 9:35:32 PM",Kudos,Activity,10193754142
"Nov 10, 2023, 9:35:33 PM",Kudos,Activity,10195483880
"Nov 11, 2023, 8:05:56 PM",Kudos,Activity,10197756286
"Nov 11, 2023, 8:05:59 PM",Kudos,Activity,10200959966
"Nov 11, 2023, 8:06:00 PM",Kudos,Activity,10199440298
"Nov 11, 2023, 8:06:03 PM",Kudos,Activity,10197666687
"Nov 11, 2023, 8:06:06 PM",Kudos,Activity,10199324488
"Nov 11, 2023, 8:06:11 PM",Kudos,Activity,10198540256
"Nov 11, 2023, 8:06:14 PM",Kudos,Activity,10200295441
"Nov 11, 2023, 8:06:15 PM",Kudos,Activity,10198263988
"Nov 11, 2023, 8:06:17 PM",Kudos,Activity,10198272935
"Nov 11, 2023, 8:06:19 PM",Kudos,Activity,10197983163
"Nov 11, 2023, 8:06:22 PM",Kudos,Activity,10197745858
"Nov 11, 2023, 8:06:23 PM",Kudos,Activity,10197813934
"Nov 11, 2023, 8:06:27 PM",Kudos,Activity,10200853902
"Nov 11, 2023, 8:06:34 PM",Kudos,Activity,10199409991
"Nov 11, 2023, 8:06:37 PM",Kudos,Activity,10200700494
"Nov 12, 2023, 9:25:06 AM",Kudos,Activity,10203086277
"Nov 13, 2023, 2:18:05 PM",Kudos,Activity,10206255920
"Nov 13, 2023, 2:18:09 PM",Kudos,Activity,10204901035
"Nov 13, 2023, 2:18:14 PM",Kudos,Activity,10210575419
"Nov 13, 2023, 2:18:16 PM",Kudos,Activity,10205712007
"Nov 13, 2023, 2:18:17 PM",Kudos,Activity,10204312731
"Nov 13, 2023, 2:18:18 PM",Kudos,Activity,10209745997
"Nov 13, 2023, 2:18:20 PM",Kudos,Activity,10207382192
"Nov 13, 2023, 2:18:21 PM",Kudos,Activity,10209613197
"Nov 13, 2023, 2:18:22 PM",Kudos,Activity,10204833282
"Nov 13, 2023, 2:18:24 PM",Kudos,Activity,10206673097
"Nov 13, 2023, 2:18:24 PM",Kudos,Activity,10204594895
"Nov 13, 2023, 2:18:25 PM",Kudos,Activity,10206548363
"Nov 13, 2023, 2:18:26 PM",Kudos,Activity,10206200534
"Nov 15, 2023, 3:17:54 PM",Kudos,Activity,10217116337
"Nov 15, 2023, 3:17:57 PM",Kudos,Activity,10221157063
"Nov 15, 2023, 3:17:59 PM",Kudos,Activity,10221020960
"Nov 15, 2023, 3:18:00 PM",Kudos,Activity,10215230243
"Nov 15, 2023, 3:18:01 PM",Kudos,Activity,10216283478
"Nov 15, 2023, 3:18:03 PM",Kudos,Activity,10218098701
"Nov 15, 2023, 3:18:04 PM",Kudos,Activity,10217979142
"Nov 15, 2023, 3:18:05 PM",Kudos,Activity,10219261327
"Nov 15, 2023, 3:18:07 PM",Kudos,Activity,10218266944
"Nov 15, 2023, 7:44:01 PM",Kudos,Activity,10224624551
"Nov 15, 2023, 7:44:03 PM",Kudos,Activity,10224833537
"Nov 15, 2023, 7:44:09 PM",Kudos,Activity,10224813194
"Nov 15, 2023, 7:44:10 PM",Kudos,Activity,10224119503
"Nov 15, 2023, 8:50:23 PM",Kudos,Activity,10225139219
"Nov 17, 2023, 11:01:06 PM",Kudos,Activity,10234619026
"Nov 17, 2023, 11:01:09 PM",Kudos,Activity,10235365121
"Nov 17, 2023, 11:01:14 PM",Kudos,Activity,10235733288
"Nov 17, 2023, 11:01:15 PM",Kudos,Activity,10232546375
"Nov 17, 2023, 11:01:16 PM",Kudos,Activity,10233147807
"Nov 17, 2023, 11:01:17 PM",Kudos,Activity,10233659680
"Nov 17, 2023, 11:01:18 PM",Kudos,Activity,10235956642
"Nov 17, 2023, 11:01:22 PM",Kudos,Activity,10235402844
"Nov 17, 2023, 11:01:23 PM",Kudos,Activity,10230934725
"Nov 17, 2023, 11:01:25 PM",Kudos,Activity,10230047946
"Nov 17, 2023, 11:01:25 PM",Kudos,Activity,10229843149
"Nov 17, 2023, 11:01:26 PM",Kudos,Activity,10230245958
"Nov 17, 2023, 11:01:28 PM",Kudos,Activity,10230791836
"Nov 18, 2023, 9:50:54 AM",Kudos,Activity,10238057997
"Nov 18, 2023, 7:43:26 PM",Kudos,Activity,10239064752
"Nov 18, 2023, 7:43:27 PM",Kudos,Activity,10241301770
"Nov 18, 2023, 7:43:30 PM",Kudos,Activity,10240932187
"Nov 18, 2023, 7:43:31 PM",Kudos,Activity,10238423967
"Nov 18, 2023, 7:43:32 PM",Kudos,Activity,10241024822
"Nov 18, 2023, 7:43:33 PM",Kudos,Activity,10239160901
"Nov 18, 2023, 7:43:40 PM",Kudos,Activity,10240707797
"Nov 20, 2023, 3:20:07 PM",Kudos,Activity,10251501061
"Nov 20, 2023, 7:23:11 PM",Kudos,Activity,10252277593
"Nov 20, 2023, 7:23:23 PM",Kudos,Activity,10244675253
"Nov 20, 2023, 7:23:26 PM",Kudos,Activity,10245108382
"Nov 20, 2023, 7:23:28 PM",Kudos,Activity,10244205166
"Nov 20, 2023, 7:23:36 PM",Kudos,Activity,10247975907
"Nov 20, 2023, 7:23:39 PM",Kudos,Activity,10247976494
"Nov 20, 2023, 7:23:40 PM",Kudos,Activity,10245084465
"Nov 20, 2023, 7:23:47 PM",Kudos,Activity,10249754712
"Nov 20, 2023, 7:23:49 PM",Kudos,Activity,10247222106
"Nov 20, 2023, 7:23:51 PM",Kudos,Activity,10245276871
"Nov 20, 2023, 7:23:52 PM",Kudos,Activity,10247164303
"Nov 20, 2023, 7:23:54 PM",Kudos,Activity,10247474781
"Nov 20, 2023, 7:23:56 PM",Kudos,Activity,10244581990
"Nov 20, 2023, 7:24:00 PM",Kudos,Activity,10245182112
"Nov 20, 2023, 10:48:06 PM",Kudos,Activity,10253033741
"Nov 20, 2023, 10:48:08 PM",Kudos,Activity,10253480781
"Nov 20, 2023, 10:48:10 PM",Kudos,Activity,10252850576
"Nov 21, 2023, 5:44:47 PM",Kudos,Activity,10257037592
"Nov 21, 2023, 5:45:13 PM",Kudos,Activity,10257752567
"Nov 21, 2023, 5:45:16 PM",Kudos,Activity,10256001051
"Nov 21, 2023, 5:45:17 PM",Kudos,Activity,10255164704
"Nov 21, 2023, 5:45:19 PM",Kudos,Activity,10255206366
"Nov 21, 2023, 5:45:52 PM",Kudos,Activity,10257543620
"Nov 21, 2023, 5:45:55 PM",Kudos,Activity,10256798836
"Nov 21, 2023, 5:45:57 PM",Kudos,Activity,10256326493
"Nov 21, 2023, 5:45:58 PM",Kudos,Activity,10256226118
"Nov 22, 2023, 10:49:53 PM",Kudos,Activity,10264192752
"Nov 22, 2023, 10:49:55 PM",Kudos,Activity,10264916297
"Nov 22, 2023, 10:49:57 PM",Kudos,Activity,10261016186
"Nov 22, 2023, 10:49:59 PM",Kudos,Activity,10261946108
"Nov 22, 2023, 10:50:00 PM",Kudos,Activity,10262518639
"Nov 22, 2023, 10:50:01 PM",Kudos,Activity,10262167168
"Nov 22, 2023, 10:50:03 PM",Kudos,Activity,10262259842
"Nov 22, 2023, 10:50:03 PM",Kudos,Activity,10259158833
"Nov 22, 2023, 10:50:08 PM",Kudos,Activity,10258860357
"Nov 22, 2023, 10:50:09 PM",Kudos,Activity,10258710835
"Nov 22, 2023, 10:50:10 PM",Kudos,Activity,10257966756
"Nov 22, 2023, 10:50:12 PM",Kudos,Activity,10258891980
"Nov 23, 2023, 9:34:47 PM",Kudos,Activity,10264855679
"Nov 23, 2023, 9:34:49 PM",Kudos,Activity,10268727576
"Nov 23, 2023, 9:34:50 PM",Kudos,Activity,10267598653
"Nov 23, 2023, 9:34:52 PM",Kudos,Activity,10269935204
"Nov 23, 2023, 9:34:54 PM",Kudos,Activity,10270054615
"Nov 23, 2023, 9:34:55 PM",Kudos,Activity,10270189229
"Nov 23, 2023, 9:34:57 PM",Kudos,Activity,10267575933
"Nov 24, 2023, 8:29:53 AM",Kudos,Activity,10272247573
"Oct 18, 2022, 1:05:32 PM",Like,Comment,1401878396
"Oct 18, 2022, 1:05:32 PM",Like,Comment,1402108124
"Nov 13, 2022, 5:19:33 PM",Like,Comment,1417792529
"Feb 28, 2023, 1:58:50 PM",Like,Comment,1474943731
"Feb 28, 2023, 1:58:48 PM",Like,Comment,1474937143
"Feb 28, 2023, 1:58:48 PM",Like,Comment,1474918047
"Feb 28, 2023, 1:58:52 PM",Like,Comment,1475308895
"Feb 28, 2023, 1:58:52 PM",Like,Comment,1475626141
"Apr 6, 2023, 3:16:41 PM",Like,Comment,1504132886
"Apr 19, 2023, 10:12:23 PM",Like,Comment,1514240052
"Apr 19, 2023, 10:12:22 PM",Like,Comment,1514321807
"May 9, 2023, 5:17:42 AM",Like,Comment,1529952509
"May 12, 2023, 7:08:41 PM",Like,Comment,1532357553
"May 15, 2023, 4:57:40 AM",Like,Comment,1534377042
"May 27, 2023, 4:51:54 PM",Like,Comment,1544047032
"Jun 10, 2023, 9:21:25 PM",Like,Comment,1555707004
"Jun 10, 2023, 9:21:26 PM",Like,Comment,1555707913
"Jun 25, 2023, 7:57:53 AM",Like,Comment,1567079449
"Jul 1, 2023, 4:23:13 PM",Like,Comment,1571782877
"Aug 4, 2023, 12:34:13 PM",Like,Comment,1596803857
"Aug 26, 2023, 6:55:38 PM",Like,Comment,1614025875
"Aug 26, 2023, 6:55:40 PM",Like,Comment,1614039518
"Sep 1, 2023, 8:09:04 PM",Like,Comment,1618517159
"Sep 1, 2023, 8:09:06 PM",Like,Comment,1618596287
"Sep 6, 2023, 11:47:56 AM",Like,Comment,1622599432
"Sep 6, 2023, 9:22:30 PM",Like,Comment,1622606257
"Sep 6, 2023, 9:22:36 PM",Like,Comment,1622678534
"Sep 7, 2023, 12:16:58 PM",Like,Comment,1623217130
"Sep 7, 2023, 12:17:00 PM",Like,Comment,1623219257
"Sep 14, 2023, 1:48:09 PM",Like,Comment,1628959639
"Sep 17, 2023, 9:06:35 AM",Like,Comment,1631256940
"Sep 26, 2023, 5:14:23 PM",Like,Comment,1638566718
"Oct 9, 2023, 6:51:50 PM",Like,Comment,1648758592
"Oct 13, 2023, 11:45:13 AM",Like,Comment,1650835690
"Oct 16, 2023, 2:03:22 PM",Like,Comment,1653804601
"Nov 21, 2023, 5:44:51 PM",Like,Comment,1676782845
